dataset,y_true,y_proba
Validation,0,0.024903592
Validation,0,0.2015222
Validation,0,0.002573371
Validation,0,0.004142158
Validation,0,0.0010367972
Validation,1,0.83654994
Validation,0,0.0008153579
Validation,1,0.4995272
Validation,0,0.3299001
Validation,0,0.21286568
Validation,1,0.16477095
Validation,0,0.016027464
Validation,0,0.96729624
Validation,0,0.49014452
Validation,0,0.69605255
Validation,1,0.86114067
Validation,0,0.21860945
Validation,1,0.1734087
Validation,0,0.010295037
Validation,0,0.0013796043
Validation,0,0.016487766
Validation,0,0.048506267
Validation,0,0.3134915
Validation,0,0.011560802
Validation,1,0.065684944
Validation,0,0.18919238
Validation,1,0.8666315
Validation,1,0.0031232017
Validation,0,0.6383421
Validation,1,0.7751464
Validation,1,0.97815835
Validation,0,0.14425068
Validation,0,0.00888684
Validation,0,0.41157675
Validation,0,0.05591921
Validation,1,0.5640089
Validation,1,0.9993293
Validation,0,0.7293231
Validation,1,0.99908984
Validation,0,0.08048816
Validation,0,0.20433293
Validation,0,0.054968182
Validation,0,0.026783925
Validation,0,0.00434358
Validation,1,0.991646
Validation,1,0.78955793
Validation,0,0.0012115499
Validation,0,0.078208834
Validation,0,0.007778556
Validation,0,0.04766763
Validation,0,0.048845094
Validation,0,0.0016670051
Validation,1,0.96127295
Validation,0,0.039630253
Validation,0,0.09035504
Validation,0,0.07241292
Validation,0,0.003998337
Validation,0,0.055322614
Validation,0,0.04520351
Validation,0,0.23616529
Validation,0,0.6474567
Validation,1,0.99720937
Validation,0,0.03504462
Validation,0,0.37360242
Validation,0,0.011834787
Validation,0,0.07693081
Validation,0,0.0031908052
Validation,0,0.9337323
Validation,0,0.6588677
Validation,0,0.0049758134
Validation,1,0.4777374
Validation,0,0.03405563
Validation,0,0.011629216
Validation,0,0.026357861
Validation,0,0.13987942
Validation,0,0.15981568
Validation,0,0.33597827
Validation,0,0.04173655
Validation,0,0.0071194535
Validation,0,0.45472023
Validation,0,0.004453034
Validation,0,0.13760555
Validation,0,0.06060257
Validation,0,0.000631998
Validation,0,0.013103321
Validation,0,0.0065360535
Validation,0,0.00015145671
Validation,0,0.0173745
Validation,0,0.5643462
Validation,1,0.9760021
Validation,1,0.992938
Validation,1,0.7339893
Validation,0,0.5009712
Validation,0,0.1845472
Validation,0,0.007655844
Validation,0,0.3645592
Validation,0,0.03885114
Validation,0,0.0023194707
Validation,1,0.053068284
Validation,0,0.0035403897
Validation,0,0.012225264
Validation,0,0.01165968
Validation,0,0.01309471
Validation,0,0.018223634
Validation,1,0.25105378
Validation,0,0.079142675
Validation,0,0.000828516
Validation,0,0.0013921207
Validation,0,0.06276385
Validation,0,0.07690772
Validation,0,0.27461836
Validation,0,0.3186682
Validation,0,0.09412624
Validation,0,0.26383078
Validation,0,0.024569202
Validation,1,0.033782944
Validation,0,0.44691414
Validation,1,0.90315026
Validation,0,0.002189866
Validation,0,0.004012183
Validation,0,0.0043849424
Validation,0,0.043134823
Validation,0,0.06392325
Validation,1,0.34576085
Validation,0,0.028219497
Validation,0,0.01235584
Validation,1,0.94998944
Validation,0,0.22544625
Validation,0,0.0032594986
Validation,0,0.41113815
Validation,0,0.15576084
Validation,0,0.32210755
Validation,0,0.07034299
Validation,0,0.004715506
Validation,1,0.06230684
Validation,0,0.6877187
Validation,0,0.5616284
Validation,0,0.00020830492
Validation,0,0.055187624
Validation,0,0.018877925
Validation,0,0.15781693
Validation,0,0.11533953
Validation,0,0.016195964
Validation,0,0.0133472085
Validation,1,0.035775397
Validation,0,0.0020336118
Validation,0,0.0064655477
Validation,0,0.119269125
Validation,0,0.030618312
Validation,0,0.83951074
Validation,0,0.060690753
Validation,0,0.97278273
Validation,0,0.0070349206
Validation,0,0.016411297
Validation,0,0.04080862
Validation,0,0.04732881
Validation,0,0.06770439
Validation,1,0.75527716
Validation,0,0.19449148
Validation,0,0.00332465
Validation,0,0.282132
Validation,0,0.028339196
Validation,0,0.05483701
Validation,1,0.8014746
Validation,0,0.9869027
Validation,0,0.18446845
Validation,0,0.016048359
Validation,0,0.9083321
Validation,0,0.0045285523
Validation,0,0.12278761
Validation,0,0.002581803
Validation,1,0.9992849
Validation,0,0.07435794
Validation,0,0.003983503
Validation,0,0.09490952
Validation,1,0.9741735
Validation,1,0.73685044
Validation,1,0.9992337
Validation,1,0.060373515
Validation,1,0.4415887
Validation,0,0.05001038
Validation,0,0.00068771647
Validation,1,0.77812135
Validation,1,0.9309626
Validation,0,0.00038581507
Validation,0,0.014593792
Validation,0,0.76982987
Validation,0,0.87493104
Validation,0,0.04661773
Validation,0,0.033151727
Validation,0,0.010224509
Validation,0,0.010803609
Validation,1,0.9920637
Validation,0,0.1452898
Validation,0,0.07246355
Validation,0,0.017775802
Validation,0,0.052291967
Validation,0,0.009105201
Validation,0,0.64405364
Validation,0,0.92675066
Validation,1,0.93930197
Validation,0,0.0033878959
Validation,0,0.00072704436
Validation,0,0.39470193
Validation,0,0.006192855
Validation,0,0.06727413
Validation,0,0.0020135494
Validation,0,0.67018676
Validation,0,0.0074852486
Validation,0,0.49327692
Validation,1,0.9968605
Validation,1,0.09530818
Validation,1,0.55510825
Validation,0,0.859722
Validation,0,0.0012897489
Validation,0,0.0068644476
Validation,0,0.042596318
Validation,0,0.85565096
Validation,0,0.0075538657
Validation,0,0.027990656
Validation,0,0.007901443
Validation,0,0.115586326
Validation,0,0.11047621
Validation,0,0.07136404
Validation,0,0.05790815
Validation,0,0.17899452
Validation,0,0.017517745
Validation,1,0.628744
Validation,1,0.91608
Validation,1,0.9987588
Validation,0,0.02396257
Validation,1,0.9919077
Validation,0,0.012488917
Validation,0,0.9880652
Validation,0,0.37763378
Validation,0,0.0023688676
Validation,0,0.061910156
Validation,0,0.7293776
Validation,0,0.04682001
Validation,0,0.17048532
Validation,0,0.0043600406
Validation,0,0.067374416
Validation,0,0.033846367
Validation,1,0.90573865
Validation,0,0.3554361
Validation,0,0.0075760833
Validation,0,0.6326846
Validation,1,0.99383295
Validation,0,0.34865496
Validation,0,0.019609204
Validation,0,0.0029016647
Validation,0,0.08793885
Validation,0,0.0007572573
Validation,0,0.014126039
Validation,0,0.012790814
Validation,0,0.28543597
Validation,1,0.98177916
Validation,0,0.7102108
Validation,0,0.17443945
Validation,0,0.033669353
Validation,0,0.88105947
Validation,1,0.89181346
Validation,0,0.0045390846
Validation,1,0.4199894
Validation,0,0.01715293
Validation,1,0.9956678
Validation,0,0.03322618
Validation,0,0.00806671
Validation,0,0.9792869
Validation,0,0.021250695
Validation,0,0.005952381
Validation,0,0.06829111
Validation,0,0.0119877085
Validation,0,0.004349174
Validation,0,0.07016197
Validation,0,0.04718388
Validation,1,0.41917664
Validation,0,0.00681295
Validation,0,0.01537193
Validation,0,0.019520823
Validation,1,0.9962638
Validation,0,0.0006835017
Validation,0,0.00037733547
Validation,0,0.05563274
Validation,0,0.26691124
Validation,1,0.9826963
Validation,1,0.009630505
Validation,0,0.32731396
Validation,1,0.46199083
Validation,0,0.0093140155
Validation,0,0.04728968
Validation,0,0.050477773
Validation,0,0.0024525146
Validation,0,0.06608489
Validation,1,0.8678476
Validation,0,0.22898053
Validation,1,0.99006665
Validation,0,0.24755836
Validation,0,0.18950044
Validation,0,0.02398844
Validation,0,0.041593544
Validation,0,0.030493725
Validation,0,0.234414
Validation,0,0.015616708
Validation,0,0.0046555586
Validation,1,0.9261689
Validation,0,0.10222322
Validation,0,0.4591687
Validation,1,0.9786112
Validation,0,0.0026083048
Validation,0,0.00081623625
Validation,1,0.10079346
Validation,0,0.22509237
Validation,0,0.037421457
Validation,0,0.46970224
Validation,0,0.00016483314
Validation,0,0.37845337
Validation,0,0.1479603
Validation,1,0.9810868
Validation,0,0.3109812
Validation,0,0.0071705994
Validation,1,0.99811375
Validation,1,0.059159722
Validation,0,0.00026809226
Validation,1,0.88884944
Validation,0,0.002257497
Validation,0,0.26877254
Validation,0,0.017592452
Validation,0,0.013430093
Validation,0,0.30799508
Validation,0,0.0035704207
Validation,1,0.52257323
Validation,0,0.38270327
Validation,0,0.014589507
Validation,1,0.11682746
Validation,0,0.09051085
Validation,0,0.62599206
Validation,0,0.3398138
Validation,1,0.06782287
Validation,0,0.02875848
Validation,1,0.9978137
Validation,1,0.88005584
Validation,1,0.8528458
Validation,0,0.55999357
Validation,0,0.07382122
Validation,1,0.9885593
Validation,0,0.038606383
Validation,0,0.30339372
Validation,0,0.54128575
Validation,0,0.087948434
Validation,0,0.016415678
Validation,0,0.06638992
Validation,0,0.31185788
Validation,1,0.66378057
Validation,0,0.22002435
Validation,0,0.00059140247
Validation,0,0.11286994
Validation,0,0.5078551
Validation,1,0.052696843
Validation,0,0.039577026
Validation,0,0.4993602
Validation,0,0.0028955084
Validation,0,0.7480934
Validation,0,0.13963833
Validation,0,0.26957127
Validation,1,0.3048528
Validation,0,0.22418919
Validation,0,0.0019749478
Validation,0,0.053030625
Validation,0,0.11239614
Validation,0,0.008819663
Validation,1,0.99244773
Validation,0,0.10864104
Validation,0,0.64624184
Validation,1,0.3563095
Validation,0,0.011222412
Validation,0,0.004642626
Validation,0,0.015090995
Validation,0,0.11292768
Validation,0,0.02623517
Validation,0,0.052281123
Validation,0,0.41787267
Validation,0,0.083667114
Validation,0,0.00992302
Validation,0,0.25080505
Validation,0,0.04771446
Validation,0,0.19833502
Validation,0,0.49233595
Validation,1,0.882035
Validation,0,0.100936286
Validation,0,0.98848265
Validation,0,0.0001173722
Validation,0,0.017138844
Validation,0,0.46551028
Validation,0,0.005387316
Validation,0,0.107629746
Validation,0,0.050372586
Validation,1,0.9796808
Validation,0,0.16286126
Validation,0,0.019350085
Validation,0,0.104877874
Validation,0,0.11224058
Validation,0,0.07700751
Validation,0,0.23729433
Validation,0,0.011834699
Validation,0,0.1327977
Validation,0,0.06084098
Validation,0,0.00088876055
Validation,0,0.26379356
Validation,1,0.006241514
Validation,1,0.0535285
Validation,0,0.29698753
Validation,0,0.05834402
Validation,1,0.13183232
Validation,0,0.041313916
Validation,1,0.46333182
Validation,0,0.0015736372
Validation,0,0.022640383
Validation,1,0.026981808
Validation,0,0.10624584
Validation,0,0.89857996
Validation,0,0.008302576
Validation,0,0.017013151
Validation,0,0.03342937
Validation,0,0.0020670304
Validation,0,0.038298663
Validation,1,0.26858804
Validation,0,0.0064746607
Validation,0,0.0038301614
Validation,0,0.06835559
Validation,0,0.015220886
Validation,0,0.0024896718
Validation,0,0.06316428
Validation,0,0.11614409
Validation,0,0.113312505
Validation,0,0.8265674
Validation,0,0.10059966
Validation,0,0.45052984
Validation,1,0.9967353
Validation,0,0.021246495
Validation,0,0.0004802535
Validation,0,0.038410604
Validation,0,0.021874506
Validation,0,0.06859796
Validation,0,0.060523476
Validation,0,0.05990717
Validation,1,0.98396194
Validation,0,0.6684075
Validation,0,0.5894826
Validation,0,0.030448163
Validation,1,0.88176
Validation,1,0.7763102
Validation,1,0.95750934
Validation,0,0.02891923
Validation,0,0.92183435
Validation,0,0.18687044
Validation,1,0.7156814
Validation,1,0.8752963
Validation,0,0.00051350135
Validation,0,0.1862763
Validation,1,0.050615832
Validation,0,0.08193344
Validation,0,0.050512716
Validation,0,0.0026215606
Validation,0,0.5188202
Validation,1,0.2073307
Validation,0,0.0020646406
Validation,0,0.04688128
Validation,0,0.02520652
Validation,0,0.0058979755
Validation,0,0.004899883
Validation,1,0.13072698
Validation,0,0.9567023
Validation,1,0.5148002
Validation,0,0.0031996032
Validation,0,0.052859146
Validation,0,0.3113405
Validation,0,0.062189814
Validation,0,0.22170828
Validation,0,0.47886315
Validation,0,0.20305242
Validation,0,0.13071395
Validation,0,0.018899253
Validation,0,0.019245362
Validation,1,0.4398688
Validation,0,0.003617579
Validation,0,0.6042211
Validation,0,0.011304652
Validation,0,0.04736595
Validation,0,0.5741415
Validation,0,0.031861585
Validation,0,0.0009996907
Validation,0,0.012089259
Validation,0,0.5432062
Validation,0,0.8285429
Validation,0,0.7267387
Validation,0,0.0070494413
Validation,0,0.00051555503
Validation,0,0.14602049
Validation,1,0.124045886
Validation,0,0.6025867
Validation,0,0.37788966
Validation,0,0.64744514
Validation,0,0.11888641
Validation,0,0.009151579
Validation,1,0.93286467
Validation,0,0.27185303
Validation,0,0.023066768
Validation,0,0.7554439
Validation,0,0.007597549
Validation,1,0.9984119
Validation,0,0.2395348
Validation,0,0.28467068
Validation,0,0.3357273
Validation,1,0.5013734
Validation,0,0.03567021
Validation,0,0.00480281
Validation,0,0.07355026
Validation,0,0.39506432
Validation,0,0.034755465
Validation,0,0.012358011
Validation,1,0.91624683
Validation,1,0.45858485
Validation,0,0.29111883
Validation,0,0.0940006
Validation,0,0.01610193
Validation,1,0.96701425
Validation,0,0.06857009
Validation,1,0.509731
Validation,0,0.025357569
Validation,0,0.019247307
Validation,0,0.0631929
Validation,0,0.13225397
Validation,1,0.6931864
Validation,0,0.0056345756
Validation,0,0.020565737
Validation,0,0.0015165379
Validation,0,0.007975365
Validation,0,0.031368002
Validation,0,0.019397968
Validation,1,0.053214163
Validation,0,0.036865223
Validation,0,0.06219204
Validation,0,0.013340792
Validation,1,0.992019
Validation,0,0.003596373
Validation,1,0.40378615
Validation,0,0.061292462
Validation,0,0.09622145
Validation,0,0.75929606
Validation,0,0.93105155
Validation,0,0.39669225
Validation,1,0.007689769
Validation,0,0.048541557
Validation,0,0.14663069
Validation,0,0.34669027
Validation,1,0.9565375
Validation,0,0.25958356
Validation,0,0.6823237
Validation,0,0.003164992
Validation,0,0.3672806
Validation,1,0.11898451
Validation,0,0.68601656
Validation,1,0.5597481
Validation,0,0.0015130745
Validation,0,0.19079371
Validation,0,0.90595514
Validation,0,0.0056139105
Validation,0,0.0115747545
Validation,1,0.113185994
Validation,0,0.006179607
Validation,1,0.22325912
Validation,0,0.4031968
Validation,0,0.0011532716
Validation,0,0.09574809
Validation,0,0.01733321
Validation,0,0.033761557
Validation,0,0.00016847257
Validation,0,0.114034675
Validation,0,0.002483786
Validation,1,0.09729679
Validation,0,0.111209035
Validation,0,0.2202914
Validation,0,0.23907435
Validation,1,0.9999037
Validation,1,0.30186588
Validation,0,0.017669028
Validation,1,0.9985366
Validation,0,0.0037396336
Validation,0,0.28483972
Validation,0,0.38399982
Validation,0,0.559746
Validation,0,0.4003507
Validation,0,0.5061996
Validation,0,0.17222653
Validation,1,0.305946
Validation,0,0.92566484
Validation,0,0.016494123
Validation,0,0.06933072
Validation,0,0.0022473093
Validation,0,0.006477517
Validation,0,0.9562857
Validation,1,0.4812002
Validation,1,0.30927095
Validation,0,0.58909833
Validation,0,0.0039020793
Validation,1,0.050271783
Validation,1,0.69924194
Validation,0,0.9240792
Validation,0,0.007573068
Validation,0,0.59115905
Validation,0,0.99495894
Validation,0,0.31360444
Validation,0,0.013518152
Validation,0,0.0023138302
Validation,0,0.04921147
Validation,0,0.061107785
Validation,1,0.9994531
Validation,0,0.005032412
Validation,0,0.15504326
Validation,0,0.00085868745
Validation,0,0.8305715
Validation,0,0.12583558
Validation,0,0.036660675
Validation,0,0.049404293
Validation,0,0.18250461
Validation,0,0.0023791036
Validation,0,0.043247905
Validation,0,0.3987356
Validation,0,0.06947015
Validation,1,0.727332
Validation,0,0.0011719826
Validation,0,0.017860396
Validation,1,0.130087
Validation,1,0.9881258
Validation,0,0.7531237
Validation,0,0.4449383
Validation,0,0.007437333
Validation,0,0.09516985
Validation,0,0.0005619561
Validation,0,0.012274656
Validation,1,0.53372705
Validation,0,0.19015442
Validation,0,0.00089462975
Validation,0,0.04887385
Validation,1,0.9331227
Validation,1,0.83388615
Validation,0,0.12853396
Validation,0,0.0030729263
Validation,0,0.08682843
Validation,0,0.0032059115
Validation,1,0.9966414
Validation,1,0.99835473
Validation,0,0.015661253
Validation,0,0.48315993
Validation,1,0.01843026
Validation,1,0.23533309
Validation,1,0.45276836
Validation,0,0.119819306
Validation,0,0.036121402
Validation,1,0.5241146
Validation,0,0.6330657
Validation,1,0.047633342
Validation,0,0.09239954
Validation,1,0.31138083
Validation,0,0.082575366
Validation,0,0.25442824
Validation,0,0.3838079
Validation,0,0.022755364
Validation,1,0.61683244
Validation,0,0.15544498
Validation,0,0.023389721
Validation,1,0.7700021
Validation,0,0.012596242
Validation,0,0.004253755
Validation,0,0.097826585
Validation,0,0.0118048685
Validation,0,0.606437
Validation,0,0.018296404
Validation,0,0.6999153
Validation,0,0.0418714
Validation,0,0.21133061
Validation,0,0.49794427
Validation,1,0.9730681
Validation,0,0.065603025
Validation,0,0.016595677
Validation,0,0.01930145
Validation,1,0.96669966
Validation,0,0.02704901
Validation,0,0.08241111
Validation,0,0.010229514
Validation,0,0.02066684
Validation,0,0.074563146
Validation,0,0.027599324
Validation,0,0.0013497093
Validation,0,0.06110036
Validation,1,0.73945475
Validation,0,0.004149886
Validation,1,0.5247871
Validation,1,0.86201936
Validation,0,0.45041692
Validation,0,0.26565927
Validation,1,0.2326116
Validation,0,0.07258084
Validation,0,0.01165947
Validation,0,0.031014297
Validation,1,0.014099049
Validation,1,0.99799216
Validation,0,0.0170321
Validation,1,0.6072467
Validation,0,0.004587216
Validation,0,0.021630898
Validation,0,0.12928621
Validation,0,0.020795682
Validation,1,0.9978193
Validation,0,0.00040985964
Validation,0,0.04574167
Validation,0,0.5059987
Validation,0,0.054593384
Validation,0,0.15476072
Validation,1,0.19228256
Validation,1,0.06711109
Validation,0,0.0046790126
Validation,0,0.11298599
Validation,0,0.006126546
Validation,0,0.0017994196
Validation,0,0.01686984
Validation,0,0.16250217
Validation,0,0.28007212
Validation,0,0.043201514
Validation,0,0.4688459
Validation,0,0.0005513169
Validation,0,0.0032202504
Validation,0,0.039640035
Validation,0,0.14073029
Validation,0,0.11253232
Validation,0,0.08806156
Validation,0,0.8191155
Validation,0,0.061192237
Validation,0,0.061308272
Validation,0,0.0050604763
Validation,0,0.008409951
Validation,0,0.003998738
Validation,0,0.01142905
Validation,1,0.9739182
Validation,0,0.7159414
Validation,1,0.31301436
Validation,1,0.9498483
Validation,0,0.022087434
Validation,1,0.018436378
Validation,0,0.0374003
Validation,1,0.8574678
Validation,1,0.97833306
Validation,0,0.007225861
Validation,0,0.049205042
Validation,0,0.031836126
Validation,0,0.0019904976
Validation,0,0.008944136
Validation,0,0.03438873
Validation,0,0.0023298396
Validation,0,0.8190839
Validation,1,0.9565314
Validation,1,0.79557776
Validation,1,0.4715995
Validation,0,0.63944864
Validation,0,0.8622406
Validation,0,0.03199769
Validation,0,0.18040423
Validation,1,0.99992776
Validation,0,0.045461774
Validation,0,0.009261825
Validation,1,0.009663958
Validation,1,0.69992614
Validation,0,0.0027273707
Validation,0,0.00036479151
Validation,0,0.0036623094
Validation,1,0.9998876
Validation,0,0.822787
Validation,0,0.058828242
Validation,0,0.55591613
Validation,0,0.0020979093
Validation,0,0.01055896
Validation,0,0.04952322
Validation,0,0.036752444
Validation,0,0.0034438777
Validation,0,0.479327
Validation,1,0.007893724
Validation,0,0.00089688506
Validation,1,0.93440646
Validation,0,0.060728032
Validation,0,0.014479731
Validation,0,0.0026118055
Validation,1,0.2083445
Validation,0,0.012914892
Validation,0,0.006484226
Validation,0,0.018567929
Validation,0,0.018512366
Validation,0,0.20627663
Validation,0,0.0137260705
Validation,0,0.027764034
Validation,1,0.87391865
Validation,0,0.025325496
Validation,0,0.12895833
Validation,0,0.02219801
Validation,0,0.23727752
Validation,0,0.25497302
Validation,1,0.02431277
Validation,0,0.6223042
Validation,1,0.9403134
Validation,0,0.67217577
Validation,0,0.058114495
Validation,0,0.4794084
Validation,0,0.37135762
Validation,0,0.006542977
Validation,1,0.024626037
Validation,0,0.0057502054
Validation,0,0.024598932
Validation,0,0.0061225956
Validation,0,0.0020515353
Validation,0,0.010705938
Validation,0,0.25912225
Validation,0,0.18204811
Validation,0,0.87664306
Validation,0,0.004016396
Validation,0,0.02693538
Validation,0,0.0004675379
Validation,1,0.8401348
Validation,1,0.9971808
Validation,0,0.017246777
Validation,0,0.016386155
Validation,0,0.5156253
Validation,0,0.0041077617
Validation,0,0.008327154
Validation,0,0.020114183
Validation,0,0.9212316
Validation,0,0.0056465035
Validation,0,0.10308697
Validation,0,0.12101703
Validation,0,0.17282246
Validation,0,0.33285365
Validation,1,0.9997286
Validation,0,0.043187384
Validation,0,0.25250542
Validation,0,0.6040772
Validation,1,0.107981205
Validation,0,0.002136625
Validation,0,0.38838607
Validation,1,0.036994077
Validation,0,0.021880267
Validation,0,0.030272204
Validation,0,0.29741564
Validation,0,0.019985437
Validation,0,0.6426695
Validation,1,0.9168163
Validation,0,0.04526903
Validation,0,0.006626228
Validation,0,0.3200498
Validation,0,0.0034750951
Validation,0,0.4905481
Validation,0,0.03813297
Validation,0,0.21264912
Validation,0,0.0059369365
Validation,0,0.729502
Validation,0,0.90414613
Validation,0,0.014593464
Validation,0,0.07345747
Validation,0,0.011888973
Validation,0,0.069689885
Validation,1,0.38987893
Validation,0,0.0008873639
Validation,0,0.24867737
Validation,0,0.0048826733
Validation,0,0.048674583
Validation,0,0.0041238684
Validation,1,0.9704321
Validation,0,0.015738698
Validation,0,0.08224957
Validation,0,0.013643841
Validation,0,0.2983783
Validation,1,0.0746806
Validation,1,0.5740878
Validation,1,0.9983973
Validation,0,0.24434306
Validation,1,0.29478446
Validation,0,0.014616136
Validation,0,0.008009591
Validation,0,0.028867519
Validation,0,0.024142385
Validation,0,0.11294464
Validation,0,0.67287976
Validation,0,0.0034055938
Validation,0,0.0016487819
Validation,0,0.076710746
Validation,1,0.7116492
Validation,0,0.047073726
Validation,1,0.96964633
Validation,0,0.20533244
Validation,1,0.8825088
Validation,0,0.0059884535
Validation,0,0.08091337
Validation,1,0.952421
Validation,0,0.16870268
Validation,0,0.009509883
Validation,0,0.004987454
Validation,1,0.9481951
Validation,0,0.6143762
Validation,0,0.018726056
Validation,0,0.59968215
Validation,0,0.21588427
Validation,0,0.17852475
Validation,0,0.037853185
Validation,0,0.51493037
Validation,0,0.05394293
Validation,0,0.047640577
Validation,0,0.004301938
Validation,0,0.1908793
Validation,0,0.3139582
Validation,0,0.0036680955
Validation,0,0.020263039
Validation,1,0.063414186
Validation,1,0.5496784
Validation,0,0.006723913
Validation,0,0.03413192
Validation,0,0.0011366431
Validation,0,0.012868181
Validation,0,0.0096506225
Validation,1,0.81678325
Validation,0,0.19139422
Validation,0,0.10863227
Validation,0,0.070215434
Validation,0,0.86600006
Validation,0,0.013081073
Validation,0,9.8124954e-05
Validation,0,0.019503303
Validation,0,0.10548511
Validation,0,0.009128548
Validation,0,0.12261451
Validation,0,0.054536313
Validation,0,0.17547
Validation,0,0.03813264
Validation,0,0.086026974
Validation,0,0.06582781
Validation,1,0.89725024
Validation,1,0.50660354
Validation,0,4.82985e-05
Validation,0,0.9156164
Validation,1,0.9978387
Validation,1,0.46446338
Validation,0,0.74576235
Validation,0,0.0209891
Validation,0,0.0027489525
Validation,1,0.0045475382
Validation,0,0.008185091
Validation,1,0.9995859
Validation,0,0.043510187
Validation,0,0.103193164
Validation,0,0.0002723698
Validation,0,0.12268995
Validation,1,0.9236303
Validation,0,0.4474173
Validation,0,0.5435534
Validation,0,0.04742159
Validation,0,0.0076465397
Validation,0,0.0141805895
Validation,0,0.55255914
Validation,0,0.028285809
Validation,0,0.0062715844
Validation,1,0.057330288
Validation,0,0.034633446
Validation,0,0.08950149
Validation,0,0.99550384
Validation,1,0.2880927
Validation,0,0.04614725
Validation,0,0.0058595804
Validation,0,0.009235521
Validation,0,0.000979269
Validation,0,0.009173332
Validation,1,0.0011001728
Validation,0,0.8013607
Validation,0,0.067322075
Validation,0,0.03795182
Validation,1,0.11243203
Validation,0,0.15835571
Validation,0,0.9606885
Validation,0,0.098649696
Validation,0,0.12538517
Validation,0,0.019284187
Validation,0,0.11629375
Validation,0,0.07528762
Validation,0,0.010047881
Validation,0,0.012297259
Validation,0,0.14596385
Validation,0,0.0010754664
Validation,0,0.002844044
Validation,0,0.009332809
Validation,0,0.40383893
Validation,0,0.018992418
Validation,1,0.0011480493
Validation,1,0.115905225
Validation,0,0.04439818
Validation,0,0.41698536
Validation,0,0.0033717072
Validation,0,0.9382452
Validation,0,0.002021988
Validation,0,0.01160395
Validation,0,0.0067008794
Validation,0,0.15731505
Validation,0,0.049919847
Validation,0,0.0045587225
Validation,0,0.035686642
Validation,0,0.5437382
Validation,0,0.26537755
Validation,1,0.99915385
Validation,0,0.00936856
Validation,0,0.0008713997
Validation,0,0.0109858075
Validation,0,0.33933687
Validation,0,0.01824605
Validation,1,0.84796816
Validation,0,0.104797594
Validation,1,0.8717318
Validation,0,0.11329241
Validation,0,0.044381857
Validation,0,0.36133882
Validation,0,0.5439628
Validation,1,0.9388801
Validation,0,0.3125643
Validation,0,0.0036814217
Validation,0,0.0004148006
Validation,0,0.5311705
Validation,0,0.0030613933
Validation,0,0.009550055
Validation,0,0.038326174
Validation,0,0.9573937
Validation,0,0.00022634912
Validation,0,0.120124936
Validation,0,0.04175465
Validation,0,0.5522532
Validation,0,0.0008421462
Validation,0,0.063942924
Validation,0,0.05651202
Validation,0,0.013318065
Validation,0,0.5431084
Validation,0,0.0022859233
Validation,1,0.9161401
Validation,0,0.013508725
Validation,0,0.0049127014
Validation,0,0.020707581
Validation,0,0.09853468
Validation,0,0.04870492
Validation,0,0.15951364
Validation,0,0.037137568
Validation,0,0.06810728
Validation,0,0.15749636
Validation,0,0.5766365
Validation,0,0.3271148
Validation,1,0.99932563
Validation,0,0.020854648
Validation,0,0.70768434
Validation,0,0.035586532
Validation,0,0.1888457
Validation,0,0.032874413
Validation,0,0.0075487625
Validation,0,0.028616667
Validation,0,0.0008912592
Validation,0,0.18052801
Validation,0,0.039505463
Validation,0,0.24976853
Validation,0,0.004420514
Validation,0,0.0006825507
Validation,0,0.015802208
Validation,0,0.27204493
Validation,0,0.0040970896
Validation,1,0.07970169
Validation,1,0.858257
Validation,0,0.60035664
Validation,0,0.04006231
Validation,0,0.20603795
Validation,0,0.09069501
Validation,1,0.107028276
Validation,0,0.21814296
Validation,0,0.004361417
Validation,0,0.030948317
Validation,0,0.093694784
Validation,0,0.011191263
Validation,0,0.0084337955
Validation,0,0.005107966
Validation,0,0.0014004556
Validation,1,0.12533812
Validation,0,0.048103485
Validation,1,0.86245084
Validation,1,0.5689866
Validation,0,0.073421896
Validation,1,0.548875
Validation,0,0.9202381
Validation,0,0.027478438
Validation,0,0.019305125
Validation,1,0.084864445
Validation,0,0.22358128
Validation,0,0.31253088
Validation,0,0.07612914
Validation,0,0.9944179
Validation,0,0.027290177
Validation,0,0.08909444
Validation,0,0.004301973
Validation,0,0.06734502
Validation,0,0.00034177548
Validation,0,0.0031915363
Validation,0,0.62556064
Validation,0,0.09108875
Validation,1,0.86211234
Validation,0,0.39191505
Validation,0,0.22964567
Validation,0,0.0008674502
Validation,0,0.007440114
Validation,0,0.04109815
Validation,1,0.2420497
Validation,0,0.025791405
Validation,0,0.024725247
Validation,0,0.4386511
Validation,0,0.07729177
Validation,1,0.9403184
Validation,0,0.011582159
Validation,0,0.0038762174
Validation,0,0.10495901
Validation,0,0.012106282
Validation,0,0.0026319444
Validation,0,0.0047457065
Validation,0,0.75246745
Validation,0,0.008953944
Validation,1,0.55520046
Validation,1,0.89168143
Validation,0,0.05123116
Validation,0,0.46558124
Validation,0,0.0032245833
Validation,0,0.01584247
Validation,0,0.06126519
Validation,0,0.003995351
Validation,0,0.0043163374
Validation,0,0.015657812
Validation,0,0.0028151497
Validation,0,0.028817078
Validation,0,0.004344925
Validation,0,0.032844946
Validation,0,0.011461912
Validation,0,0.1208591
Validation,0,0.086335085
Validation,0,0.10477288
Validation,0,0.77858686
Validation,0,0.004312572
Validation,1,0.4176369
Validation,1,0.9461027
Validation,0,0.09008485
Validation,0,0.025966646
Validation,0,0.11294141
Validation,0,0.10059006
Validation,0,0.025382096
Validation,0,0.017976712
Validation,0,0.48406354
Validation,0,0.0011563766
Validation,0,0.1153878
Validation,0,0.1528367
Validation,0,0.030343676
Validation,1,0.38769555
Validation,1,0.38500327
Validation,0,0.0070637353
Validation,0,0.5100954
Validation,0,0.0034799583
Validation,0,0.07829573
Validation,0,0.06340559
Validation,0,0.21681067
Validation,0,0.091239944
Validation,0,0.10988197
Validation,1,0.04965273
Validation,0,0.67480296
Validation,0,0.017399926
Validation,0,0.11568699
Validation,0,0.079930976
Validation,0,0.41103414
Validation,1,0.9968982
Validation,0,0.35703832
Validation,0,0.87660366
Validation,0,0.02691839
Validation,0,0.018505407
Validation,0,0.048851043
Validation,0,0.01123882
Validation,0,0.00012951382
Validation,0,0.0054765213
Validation,0,0.004526405
Validation,0,0.09406177
Validation,0,0.64734715
Validation,1,0.71587235
Validation,0,0.00084927276
Validation,0,0.49405894
Validation,1,0.7270752
Validation,0,0.6627989
Validation,0,0.0055956296
Validation,1,0.018538363
Validation,0,0.00524912
Validation,0,0.0018410226
Validation,0,0.14645839
Validation,0,0.7452245
Validation,0,0.8295632
Validation,0,0.00030507016
Validation,0,0.20626275
Validation,0,0.0287788
Validation,0,0.16771674
Validation,0,0.0021631771
Validation,1,0.43306825
Validation,0,0.0007931753
Validation,0,0.057190783
Validation,0,0.003003205
Validation,1,0.9965753
Validation,1,0.49925545
Validation,1,0.99953866
Validation,1,0.7513004
Validation,0,0.00061326846
Validation,0,0.07653391
Validation,1,0.08682548
Validation,0,0.011787759
Validation,0,0.056795683
Validation,0,0.019179564
Validation,0,0.2376425
Validation,0,0.0071227103
Validation,0,0.001692582
Validation,0,0.030701367
Validation,0,0.028883288
Validation,0,0.42151845
Validation,0,0.44720653
Validation,0,0.049600665
Validation,1,0.865729
Validation,0,0.01790951
Validation,0,0.94347554
Validation,0,0.10765823
Validation,0,0.00017481149
Validation,1,0.6519257
Validation,1,0.99285406
Validation,0,0.047862094
Validation,1,0.8892066
Validation,0,0.002909001
Validation,0,0.025030239
Validation,0,0.00044151547
Validation,0,0.6862865
Validation,1,0.7745026
Validation,1,0.3560459
Validation,0,0.0027669286
Validation,0,0.053456567
Validation,0,0.0006399323
Validation,0,0.32104483
Validation,0,0.84139955
Validation,0,0.43868715
Validation,0,0.031564556
Validation,0,0.00033488782
Validation,0,0.06762554
Validation,0,0.0020821742
Validation,0,0.55686045
Validation,0,0.33121708
Validation,0,0.00073100894
Validation,0,0.14818166
Validation,0,0.011492759
Validation,0,0.14982612
Validation,0,0.17788371
Validation,0,0.4271987
Validation,0,0.045972563
Validation,0,0.07622776
Validation,1,0.824942
Validation,0,0.0051404717
Validation,0,0.08512357
Validation,1,0.9997389
Validation,0,0.006828099
Validation,1,0.1624221
Validation,1,0.98727626
Validation,0,0.0005334754
Validation,0,0.001866816
Validation,1,0.9997391
Validation,0,0.028794019
Validation,0,0.19724676
Validation,0,0.016636629
Validation,0,0.06938931
Validation,0,0.21639429
Validation,0,0.9480845
Validation,0,0.22643611
Validation,0,0.0005703502
Validation,0,0.038215134
Validation,0,0.0025134508
Validation,0,0.00497557
Validation,0,0.008684758
Validation,0,0.0034288496
Validation,0,0.023481816
Validation,0,0.016738668
Validation,0,0.0028821467
Validation,0,0.011952997
Validation,0,0.0017514209
Validation,0,0.034684252
Validation,0,0.17293271
Validation,0,0.0008314909
Validation,1,0.8624649
Validation,0,0.003438898
Validation,1,0.3687007
Validation,0,0.0015365953
Validation,0,0.823677
Validation,1,0.86486024
Validation,0,0.25709638
Validation,0,0.023482332
Validation,1,0.0021408184
Validation,0,0.109708354
Validation,1,0.016020043
Validation,0,0.004547467
Validation,0,0.0034098704
Validation,0,0.04577874
Validation,0,0.04590009
Validation,0,0.092032
Validation,0,0.08820818
Validation,1,0.9879987
Validation,0,0.0026388678
Validation,1,0.2698152
Validation,0,0.01441809
Validation,0,0.02236623
Validation,0,0.16295202
Validation,0,0.029141245
Validation,0,0.004918868
Validation,0,0.040455014
Validation,0,0.030067898
Validation,0,0.0026316051
Validation,0,0.06978355
Validation,0,0.0025932305
Validation,0,0.0021315294
Validation,0,0.035942994
Validation,0,0.04112775
Validation,0,0.0033762339
Validation,0,0.22137
Validation,1,0.5213582
Validation,0,0.008034719
Validation,0,0.16797128
Validation,0,0.98249185
Validation,1,0.9641862
Validation,0,0.04601051
Validation,0,0.011387517
Validation,0,0.027892016
Validation,0,0.11348498
Validation,0,0.017102592
Validation,0,0.7654342
Validation,0,0.124546215
Validation,0,0.027716465
Validation,1,0.9961791
Validation,0,0.0017293781
Validation,0,0.11074651
Validation,0,0.026494319
Validation,0,0.0627778
Validation,0,0.7683218
Validation,0,0.011530171
Validation,0,0.39729488
Validation,0,0.66343254
Validation,0,0.005392032
Validation,0,0.004461705
Validation,0,0.021210492
Validation,0,0.09453918
Validation,0,0.008164898
Validation,0,0.02679182
Validation,0,0.35209098
Validation,0,0.06387115
Validation,0,0.010575486
Validation,0,0.0038649805
Validation,0,0.021730637
Validation,0,0.009886733
Validation,1,0.9820149
Validation,0,0.0007633898
Validation,0,0.009109288
Validation,1,0.04811428
Validation,1,0.9456223
Validation,1,0.0051333583
Validation,0,0.9664462
Validation,0,0.016030012
Validation,0,0.017219368
Validation,0,0.00378106
Validation,0,0.04366744
Validation,0,0.00549155
Validation,0,0.009969394
Validation,0,0.051151924
Validation,0,0.0009907765
Validation,0,0.050152965
Validation,0,0.0029131295
Validation,0,0.02627224
Validation,0,0.11468775
Validation,0,0.0046183933
Validation,1,0.20587182
Validation,1,0.8899771
Validation,0,0.3524211
Validation,0,0.017260887
Validation,1,0.9892575
Validation,1,0.97180665
Validation,0,0.025344955
Validation,0,0.10210877
Validation,0,0.050657384
Validation,0,0.10303058
Validation,1,0.8007387
Validation,0,0.172181
Validation,0,0.90302664
Validation,1,0.215693
Validation,0,0.012196558
Validation,1,0.37474418
Validation,0,0.0040248954
Validation,0,0.41754532
Validation,1,0.9994485
Validation,0,0.3129358
Validation,0,0.045399114
Validation,0,0.0069191586
Validation,0,0.5914676
Validation,0,0.25581074
Validation,1,0.035531316
Validation,1,0.9904822
Validation,0,0.056317385
Validation,1,0.21310629
Validation,1,0.9965844
Validation,1,0.029955758
Validation,0,0.07701603
Validation,1,0.8586237
Validation,0,0.1516428
Validation,0,0.05210098
Validation,1,0.42867014
Validation,0,0.010591275
Validation,0,0.24459521
Validation,0,0.0021472792
Validation,1,0.84113944
Validation,0,0.5600384
Validation,0,0.0045747044
Validation,0,0.34726077
Validation,1,0.99969125
Validation,1,0.8210726
Validation,0,0.004467676
Validation,0,0.24655527
Validation,0,0.2549783
Validation,0,0.58911026
Validation,0,0.041549068
Validation,0,0.069152236
Validation,0,0.010696538
Validation,1,0.98138547
Validation,0,0.26209256
Validation,0,0.0006710846
Validation,1,0.42575663
Validation,0,0.00011547396
Validation,0,0.005532611
Validation,1,0.6201924
Validation,0,0.06863326
Validation,0,0.07972037
Validation,0,0.012524971
Validation,0,0.76626
Validation,0,0.01498138
Validation,0,0.90694517
Validation,1,0.819513
Validation,1,0.36423707
Validation,0,0.0005817181
Validation,1,0.25541174
Validation,1,0.06449674
Validation,0,0.028250745
Validation,1,0.5419949
Validation,0,0.011611423
Validation,0,0.0039246236
Validation,1,0.1445205
Validation,0,0.006109937
Validation,0,0.96749777
Validation,0,0.03664261
Validation,0,0.6257658
Validation,0,0.0052737137
Validation,0,0.014794753
Validation,1,0.49975592
Validation,0,0.013591359
Validation,0,0.009287693
Validation,0,0.0073969057
Validation,1,0.22807416
Validation,1,0.97980404
Validation,1,0.5906962
Validation,0,0.0114965625
Validation,0,0.007857684
Validation,0,0.0017832756
Validation,0,0.40127948
Validation,0,0.2238972
Validation,0,0.34932214
Validation,0,0.47837338
Validation,0,0.07531596
Validation,0,0.007745108
Validation,1,0.36349738
Validation,0,0.08792734
Validation,0,0.60570014
Validation,0,0.047275692
Validation,0,0.0049437853
Validation,0,0.1068527
Validation,0,0.042917907
Validation,0,0.09810615
Validation,0,0.079711184
Validation,1,0.09479067
Validation,1,0.11093883
Validation,0,0.30717608
Validation,1,0.089438334
Validation,0,0.017017728
Validation,0,0.017456744
Validation,0,0.07421338
Validation,0,0.011293051
Validation,0,0.11571843
Validation,0,0.006616054
Validation,0,0.20232822
Validation,1,0.99997425
Validation,1,0.9280069
Validation,0,0.115554936
Validation,0,0.42412063
Validation,1,0.4356394
Validation,0,0.013883128
Validation,0,0.002566475
Validation,0,0.2960413
Validation,0,0.040804088
Validation,0,0.012292956
Validation,1,0.7089015
Validation,0,0.03317248
Validation,0,0.0051422594
Validation,0,0.565594
Validation,0,0.44020438
Validation,0,0.108265236
Validation,0,0.009597625
Validation,0,0.0071533304
Validation,0,0.018180268
Validation,0,0.018246371
Validation,0,0.4327692
Validation,0,0.0003784241
Validation,1,0.05062148
Validation,0,0.002969842
Validation,0,0.108848475
Validation,1,0.9517802
Validation,0,0.039061554
Validation,0,0.6893872
Validation,0,0.002728857
Validation,1,0.9716331
Validation,0,0.030399866
Validation,1,0.6080045
Validation,0,0.012244516
Validation,0,0.120599695
Validation,1,0.7834126
Validation,0,0.00636706
Validation,0,0.0040379954
Validation,0,0.362681
Validation,0,0.032658413
Validation,1,0.9992086
Validation,0,0.0027838065
Validation,0,0.040567335
Validation,0,0.06721812
Validation,1,0.27864465
Validation,1,0.9924401
Validation,0,0.71341586
Validation,1,0.63677317
Validation,0,0.68623185
Validation,1,0.6684086
Validation,1,0.14216974
Validation,0,0.008263974
Validation,0,0.00040891365
Validation,0,0.9352653
Validation,0,0.14213355
Validation,0,0.105117895
Validation,0,0.024006696
Validation,0,0.025194447
Validation,0,0.017976804
Validation,0,0.06855612
Validation,0,0.054396942
Validation,0,0.01978502
Validation,0,0.065781
Validation,0,0.89751625
Validation,0,0.03636718
Validation,0,0.65268844
Validation,0,0.0033646675
Validation,0,0.0021189707
Validation,1,0.87998873
Validation,0,0.0003757021
Validation,0,0.025759451
Validation,0,0.0032822932
Validation,0,0.38731873
Validation,0,0.042620003
Validation,0,0.03744856
Validation,0,0.0009516485
Validation,0,0.027735645
Validation,1,0.6325482
Validation,0,0.040289804
Validation,0,0.009261356
Validation,0,0.26204327
Validation,0,0.1084687
Validation,0,0.02823276
Validation,0,0.0033127377
Validation,0,0.55915177
Validation,0,0.032545432
Validation,0,0.010306724
Validation,0,0.19971107
Validation,0,0.0016423559
Validation,0,0.0550256
Validation,0,0.09287542
Validation,0,0.108006656
Validation,0,0.0033308181
Validation,0,0.5959585
Validation,1,0.86803025
Validation,1,0.9961636
Validation,1,0.9154579
Validation,0,0.0007447961
Validation,0,0.03024677
Validation,0,0.3397942
Validation,0,0.0012980476
Validation,0,0.8130569
Validation,1,0.60022354
Validation,0,0.04745073
Validation,0,0.0062900665
Validation,1,0.11647547
Validation,1,0.57813436
Validation,0,0.010937926
Validation,0,0.0022506155
Validation,1,0.88185936
Validation,1,0.9850714
Validation,0,0.24357137
Validation,0,0.01990709
Validation,0,0.0032246509
Validation,0,0.07272838
Validation,0,0.092087604
Validation,0,0.034885067
Validation,1,0.9986804
Validation,1,0.6684823
Validation,1,0.99447143
Validation,0,0.016015278
Validation,0,0.07105547
Validation,1,0.13152984
Validation,0,0.031382624
Validation,0,0.02851468
Validation,0,0.0055997116
Validation,0,0.009629767
Validation,1,0.4886243
Validation,0,0.21458276
Validation,0,0.0011001937
Validation,0,0.013843206
Validation,0,0.012759855
Validation,0,0.08881675
Validation,1,0.14543238
Validation,0,0.6869786
Validation,1,0.7750889
Validation,0,0.005925404
Validation,1,0.7075077
Validation,1,0.18380155
Validation,0,0.0033307723
Validation,0,0.0040363804
Validation,1,0.7856364
Validation,0,0.0013979172
Validation,0,0.26294318
Validation,0,0.03857048
Validation,0,0.48955232
Validation,0,0.10994296
Validation,0,0.11182943
Validation,1,0.00052102783
Validation,0,0.00069165224
Validation,1,0.81653523
Validation,0,0.043884914
Validation,1,0.9966445
Validation,0,0.006766805
Validation,1,0.042856686
Validation,0,0.6858349
Validation,0,0.7405136
Validation,1,0.32498583
Validation,0,0.41321534
Validation,0,0.008424616
Validation,0,0.51675874
Validation,0,0.00052847486
Validation,1,0.8998809
Validation,0,0.0008697286
Validation,0,0.0086415345
Validation,0,0.014309503
Validation,0,0.0075754058
Validation,0,0.021658327
Validation,0,0.2723215
Validation,0,0.028112644
Validation,1,0.040231038
Validation,0,0.03549279
Validation,0,0.4292775
Validation,0,0.012724871
Validation,0,0.5532725
Validation,0,0.0871669
Validation,0,0.018670416
Validation,1,0.046104867
Validation,0,0.107038826
Validation,0,0.030653965
Validation,0,0.011609853
Validation,0,0.035280038
Validation,0,0.081025094
Validation,0,0.065228
Validation,0,0.046681225
Validation,0,0.0054954756
Validation,0,0.798363
Validation,0,0.06007002
Validation,0,0.021722196
Validation,0,0.003970793
Validation,0,0.12684378
Validation,0,0.2927544
Validation,0,0.012657332
Validation,1,0.9970425
Validation,1,0.588814
Validation,1,0.21895638
Validation,0,0.4862917
Validation,0,0.040096276
Validation,1,0.97751814
Validation,0,0.009415769
Validation,0,0.0011018163
Validation,0,0.20556027
Validation,0,0.0007692677
Validation,1,0.11792193
Validation,0,0.01926639
Validation,1,0.8134512
Validation,0,0.032037307
Validation,0,0.00027970463
Validation,0,0.007216235
Validation,1,0.8994878
Validation,0,0.20641881
Validation,0,0.04907723
Validation,0,0.26967782
Validation,0,0.0020621477
Validation,0,0.022569248
Validation,0,0.0020424332
Validation,0,0.0024894942
Validation,1,0.8850443
Validation,1,0.99964094
Validation,0,0.6396272
Validation,0,0.48445156
Validation,0,0.0027216752
Validation,0,0.2507658
Validation,0,0.0058880756
Validation,0,0.06945061
Validation,1,0.9998822
Validation,0,0.002401956
Validation,0,0.018002346
Validation,0,0.015776947
Validation,0,0.0014027808
Validation,0,0.012909039
Validation,0,0.0061675305
Validation,0,0.023729764
Validation,0,0.031517815
Validation,0,0.00034259184
Validation,0,0.5119189
Validation,0,0.119531095
Validation,0,0.016142972
Validation,0,0.5727699
Validation,0,0.00081991375
Validation,0,0.098838106
Validation,0,0.16284841
Validation,0,9.725748e-05
Validation,1,0.030423878
Validation,1,0.023255238
Validation,0,0.00694589
Validation,0,0.34804788
Validation,0,0.0030306042
Validation,0,0.0011216972
Validation,0,0.014875684
Validation,0,0.61694247
Validation,1,0.9158145
Validation,0,0.6524956
Validation,1,0.4354123
Validation,0,0.024478657
Validation,0,0.032825336
Validation,1,0.06410799
Validation,0,0.62429154
Validation,1,0.89183015
Validation,1,0.47981218
Validation,0,0.0025997988
Validation,0,0.17475083
Validation,1,0.5858558
Validation,0,0.65474075
Validation,0,0.09257133
Validation,0,0.00020129415
Validation,0,0.06667273
Validation,1,0.73511696
Validation,1,0.5830475
Validation,0,0.049005624
Validation,0,0.014904277
Validation,1,0.98573375
Validation,0,0.010305435
Validation,0,0.049160413
Validation,0,0.6125664
Validation,0,0.13017833
Validation,0,0.015698807
Validation,0,0.020535516
Validation,0,0.10475919
Validation,0,0.96437985
Validation,0,0.0022402701
Validation,0,0.3388695
Validation,1,0.9193257
Validation,0,0.28348938
Validation,0,0.02403783
Validation,1,0.98588645
Validation,0,0.0008646753
Validation,1,0.2165917
Validation,0,0.0009118289
Validation,1,0.4859023
Validation,0,0.23772527
Validation,1,0.75147456
Validation,1,0.12357676
Validation,0,0.04994806
Validation,0,0.018471867
Validation,0,0.0021137684
Validation,1,0.62220585
Validation,0,0.4394032
Validation,0,0.028032662
Validation,0,0.036336888
Validation,0,0.036043555
Validation,0,0.121522486
Validation,0,0.004330036
Validation,0,0.24210027
Validation,0,0.008705864
Validation,0,0.009681594
Validation,0,0.056023043
Validation,0,0.032316957
Validation,0,0.112659484
Validation,0,0.42499164
Validation,1,0.28665602
Validation,0,0.003646373
Validation,0,0.004840972
Validation,0,0.5082493
Validation,0,0.002317653
Validation,0,0.11919128
Validation,0,0.15878026
Validation,0,0.1412113
Validation,0,0.0008160189
Validation,0,0.0024920497
Validation,0,0.0707686
Validation,0,0.00069163577
Validation,0,0.8732596
Validation,0,0.8195607
Validation,0,0.032881036
Validation,0,0.011449977
Validation,1,0.21500672
Validation,1,0.21446285
Validation,0,0.000103644175
Validation,0,0.50924534
Validation,0,0.013830902
Validation,0,0.0023934862
Validation,0,0.03342396
Validation,1,0.95927495
Validation,0,0.004715864
Validation,1,0.82490456
Validation,0,0.023540687
Validation,0,0.006988285
Validation,0,0.46696362
Validation,0,0.16187361
Validation,0,0.0034477697
Validation,0,0.1412255
Validation,1,0.72274274
Validation,0,0.06963098
Validation,0,0.027186282
Validation,0,0.2284728
Validation,0,0.0013479044
Validation,1,0.99682343
Validation,0,0.007940545
Validation,0,0.7590712
Validation,0,0.11075022
Validation,0,0.63683057
Validation,0,0.2431326
Validation,0,0.0619908
Validation,0,0.110818684
Validation,0,0.035823114
Validation,0,0.14334501
Validation,0,0.3171364
Validation,0,0.8562497
Validation,0,0.016479602
Validation,0,0.028254332
Validation,0,0.031045616
Validation,0,0.050603837
Validation,0,0.28389135
Validation,0,0.8119764
Validation,0,0.008575422
Validation,0,0.006508884
Validation,0,0.05721254
Validation,0,0.6490641
Validation,0,0.070433676
Validation,0,0.11680722
Validation,1,0.7230409
Validation,0,0.000107095584
Validation,0,0.64572906
Validation,0,0.0035327643
Validation,0,0.00086518674
Validation,0,0.05414211
Validation,0,0.016287358
Validation,0,0.0016730393
Validation,0,0.02387273
Validation,0,0.76310647
Validation,0,0.13179415
Validation,0,0.041247945
Validation,0,0.015541065
Validation,1,0.15942714
Validation,0,0.036471147
Validation,0,0.98096263
Validation,1,0.0048973216
Validation,0,0.05087916
Validation,0,0.03301367
Validation,0,0.7439517
Validation,0,0.9168689
Validation,0,0.020754037
Validation,0,0.0018830406
Validation,0,0.020560902
Validation,1,0.058847543
Validation,0,0.01847619
Validation,0,0.9798172
Validation,0,0.002673798
Validation,0,0.14461152
Validation,0,0.006530591
Validation,0,0.062662594
Validation,0,0.00076718425
Validation,0,0.2263519
Validation,0,0.00022676233
Validation,0,0.09417878
Validation,0,0.1262206
Validation,0,0.11068902
Validation,0,0.00033141288
Validation,1,0.5063218
Validation,0,0.73497766
Validation,1,0.63624686
Validation,0,0.0073195416
Validation,0,0.70442146
Validation,0,0.012480857
Validation,0,0.05973658
Validation,0,0.015342648
Validation,0,0.11002366
Validation,0,0.13579941
Validation,1,0.66475695
Validation,0,0.014566835
Validation,0,0.005289652
Validation,1,0.034830157
Validation,0,0.00033931344
Validation,0,0.10955954
Validation,0,0.046206042
Validation,0,0.016870487
Validation,0,0.053880204
Validation,0,0.089514785
Validation,1,0.40927175
Validation,0,0.008710631
Validation,1,0.50877714
Validation,0,0.013007102
Validation,1,0.9985753
Validation,1,0.007324508
Validation,0,0.10176211
Validation,1,0.022740014
Validation,0,0.98534226
Validation,1,0.45907646
Validation,0,0.009804163
Validation,0,0.05022559
Validation,0,0.1895718
Validation,0,0.008106028
Validation,1,0.9999244
Validation,0,0.6977792
Validation,0,0.9925041
Validation,0,0.0007327219
Validation,0,0.048402224
Validation,0,0.040271997
Validation,1,0.46758652
Validation,0,0.0087359855
Validation,0,0.024548428
Validation,0,0.014617367
Validation,0,0.005133938
Validation,0,0.16246845
Validation,0,0.0135548925
Validation,0,0.38791883
Validation,0,0.0042542983
Validation,0,0.25445753
Validation,1,0.9493388
Validation,1,0.9999578
Validation,0,0.042186353
Validation,0,0.0048807
Validation,0,0.029318321
Validation,0,0.057787627
Validation,0,0.053676188
Validation,0,0.00528193
Validation,0,0.122536875
Validation,0,0.004922604
Validation,0,0.64444983
Validation,1,0.94069743
Validation,1,0.9245534
Validation,0,0.060765892
Validation,0,0.11632971
Validation,0,0.19363415
Validation,0,0.41697276
Validation,0,0.026272746
Validation,0,0.8268634
Validation,1,0.9918743
Validation,0,0.006468379
Validation,0,0.013865103
Validation,0,0.05626839
Validation,0,0.0792934
Validation,0,0.0060186647
Validation,0,0.20509635
Validation,0,0.12638432
Validation,1,0.9993932
Validation,0,0.0064754337
Validation,1,0.5448251
Validation,1,0.9979798
Validation,0,0.0008253102
Validation,0,0.24285781
Validation,0,0.07350565
Validation,0,0.0022932081
Validation,0,0.0073328307
Validation,0,0.15722544
Validation,1,0.40998307
Validation,1,0.9403549
Validation,0,0.025409205
Validation,1,0.50469804
Test,0,0.0069634197
Test,0,0.109588444
Test,0,0.027627433
Test,0,0.017393088
Test,0,0.010450455
Test,0,0.0042480063
Test,1,0.922372
Test,0,0.051385254
Test,0,0.0075796084
Test,0,0.038456343
Test,0,0.0035150957
Test,0,0.008748493
Test,0,0.03067515
Test,0,0.20615093
Test,0,0.0891854
Test,0,0.8768554
Test,0,0.094300926
Test,1,0.23563369
Test,0,0.029257016
Test,0,0.007884988
Test,0,0.37855488
Test,0,0.7941365
Test,0,0.10365188
Test,0,0.0033767472
Test,0,0.0025999101
Test,0,0.06691973
Test,0,0.0061550424
Test,0,0.006046003
Test,0,0.29515603
Test,0,0.43790975
Test,0,0.88952416
Test,0,0.0020796105
Test,0,0.012595163
Test,0,0.12632051
Test,0,0.0012553541
Test,1,0.06546555
Test,0,0.010506908
Test,0,0.004145021
Test,0,0.013872236
Test,0,0.0018782271
Test,1,0.9910584
Test,0,0.19798829
Test,0,0.013933687
Test,1,0.7189777
Test,0,0.17253427
Test,0,0.017391507
Test,0,0.010562687
Test,0,0.172168
Test,0,0.018982619
Test,1,0.5013062
Test,0,0.34258333
Test,0,0.0052986746
Test,0,0.01661113
Test,0,0.009648208
Test,1,0.3940386
Test,1,0.52501816
Test,0,0.037519407
Test,1,0.9917856
Test,0,0.8640766
Test,0,0.888102
Test,0,0.000484017
Test,0,0.25459146
Test,0,0.6903948
Test,0,0.0118658
Test,0,0.87752295
Test,0,0.042951524
Test,0,0.030395446
Test,0,0.0326837
Test,0,0.039146416
Test,0,0.06829233
Test,1,0.98138523
Test,0,0.009591978
Test,0,0.006815654
Test,0,0.062397275
Test,0,0.2524127
Test,0,0.015615476
Test,0,0.0040899357
Test,0,0.5723455
Test,0,0.013405828
Test,0,0.021408897
Test,0,0.004039712
Test,0,0.05992605
Test,0,0.78152597
Test,0,0.0035460228
Test,0,0.14593333
Test,1,0.7226457
Test,0,0.03614501
Test,0,0.00074035145
Test,0,0.00850063
Test,1,0.09792925
Test,0,0.8359443
Test,0,0.9574208
Test,1,0.94398683
Test,0,0.00312051
Test,0,0.00019659761
Test,0,0.11558035
Test,0,0.0063752583
Test,0,0.011334943
Test,0,0.015163798
Test,0,0.0041058604
Test,0,0.027343225
Test,0,0.01361151
Test,0,0.22219197
Test,0,0.05561994
Test,0,0.12245491
Test,0,0.10545646
Test,0,0.008832773
Test,1,0.9306276
Test,0,0.01146851
Test,0,0.002514477
Test,0,0.4126007
Test,0,0.4134386
Test,1,0.9808863
Test,0,0.4016333
Test,0,0.14671433
Test,0,0.99334395
Test,0,0.25642774
Test,0,0.091956824
Test,1,0.06348983
Test,0,0.5502946
Test,0,0.020387607
Test,0,0.001410298
Test,0,0.0016168501
Test,0,0.6138657
Test,0,0.91180354
Test,0,0.013616056
Test,1,0.6772371
Test,0,0.002860957
Test,0,0.031813566
Test,0,0.0069186576
Test,1,0.2524087
Test,0,0.13249743
Test,0,0.8893009
Test,1,0.37564594
Test,1,0.5652425
Test,0,0.017218634
Test,0,0.038019445
Test,0,0.01952767
Test,0,0.22998923
Test,0,0.13572356
Test,0,0.6739944
Test,0,0.004515917
Test,0,0.024499377
Test,0,0.51320267
Test,0,0.0066699106
Test,1,0.9776439
Test,1,0.65511847
Test,1,0.99831414
Test,0,0.69739425
Test,0,0.0090876175
Test,0,0.06382165
Test,1,0.97091407
Test,0,0.33244908
Test,0,0.0069852755
Test,0,0.0052201333
Test,0,0.019052802
Test,0,0.109590635
Test,0,0.45902768
Test,0,0.03102709
Test,0,0.049198747
Test,1,0.3580988
Test,0,0.3246454
Test,0,0.059627395
Test,0,0.17130323
Test,0,0.035078827
Test,0,0.02761064
Test,1,0.71536666
Test,0,0.3796642
Test,0,0.021009503
Test,0,0.0017248375
Test,1,0.69858843
Test,0,0.014890904
Test,0,0.103160515
Test,0,0.038454123
Test,1,0.9233126
Test,0,0.9645434
Test,0,0.002269705
Test,1,0.8531008
Test,0,0.012674888
Test,1,0.9999584
Test,1,0.9733297
Test,1,0.3997488
Test,1,0.37093586
Test,0,0.1150325
Test,1,0.072018504
Test,1,0.87104106
Test,0,0.023444036
Test,0,0.11334741
Test,1,0.41388237
Test,0,0.014391072
Test,1,0.26977745
Test,0,0.31063482
Test,0,0.08420259
Test,0,0.3457418
Test,0,0.01284952
Test,0,0.28866583
Test,0,0.004846748
Test,0,0.0008244047
Test,1,0.5346057
Test,0,0.00532951
Test,0,0.89230704
Test,0,0.008264162
Test,0,0.0007984712
Test,0,0.17491369
Test,0,0.037961524
Test,1,0.9999958
Test,0,0.033432066
Test,0,0.007189335
Test,0,0.1339346
Test,0,0.026557531
Test,0,0.14303382
Test,0,0.0054234415
Test,0,0.045097947
Test,0,0.041056238
Test,0,0.041195933
Test,1,0.61172295
Test,0,0.3433593
Test,0,0.0033615143
Test,0,0.014008987
Test,0,0.941561
Test,0,0.07969741
Test,0,0.0052588684
Test,0,0.43295562
Test,1,0.0015551295
Test,0,0.1640359
Test,0,0.001574155
Test,0,0.0069793863
Test,0,0.6118706
Test,0,0.0036157917
Test,0,0.015768183
Test,0,0.5780985
Test,0,0.007760088
Test,1,0.99717355
Test,0,0.07943532
Test,0,0.1950672
Test,1,0.97916406
Test,0,0.008955094
Test,1,0.9997633
Test,1,0.66279227
Test,0,0.022180986
Test,0,0.016576877
Test,0,0.03484617
Test,0,0.011359967
Test,0,0.19713591
Test,0,0.059164636
Test,1,0.52412456
Test,0,0.0017461709
Test,0,0.92667305
Test,1,0.0074643022
Test,0,0.035105255
Test,1,0.6694774
Test,0,0.0023812414
Test,0,0.030864399
Test,0,0.023502722
Test,0,0.021531973
Test,1,0.908051
Test,0,0.4975783
Test,0,0.26564083
Test,0,0.04033213
Test,1,0.9338285
Test,0,0.031116795
Test,0,0.0027082374
Test,1,0.03548789
Test,0,0.4609092
Test,0,0.048100952
Test,0,0.047306526
Test,1,0.5987876
Test,0,0.15926665
Test,1,0.5288076
Test,0,0.0108782435
Test,0,0.052228406
Test,1,0.9714515
Test,0,0.004601235
Test,1,0.08669218
Test,0,0.0055968207
Test,0,0.0054488974
Test,0,0.12586181
Test,0,0.003913178
Test,1,0.8136225
Test,0,0.03665003
Test,0,0.90071166
Test,1,0.104287885
Test,0,0.002492774
Test,0,0.062303122
Test,0,0.040273342
Test,1,0.024398929
Test,0,0.00797455
Test,0,0.36002615
Test,0,0.40479195
Test,0,0.07320308
Test,0,0.0101985745
Test,1,0.91866887
Test,0,0.62738764
Test,0,0.7882044
Test,0,0.052667134
Test,0,0.09862014
Test,0,0.028777942
Test,0,0.3345224
Test,0,0.0006981229
Test,0,0.27071613
Test,1,0.9902778
Test,1,0.6471308
Test,0,0.007223854
Test,0,0.045171067
Test,0,0.11311231
Test,1,0.9540355
Test,0,0.036868062
Test,0,0.03008157
Test,0,0.045005746
Test,1,0.69404495
Test,0,0.18167204
Test,0,0.028736323
Test,0,0.07204565
Test,0,0.19004592
Test,1,0.9999807
Test,0,0.043298364
Test,0,0.14494473
Test,0,0.0018944571
Test,0,0.0042190924
Test,0,0.03118515
Test,0,0.019520316
Test,0,0.0052356273
Test,0,0.2774785
Test,0,0.02761503
Test,0,0.0024855162
Test,1,0.7869504
Test,0,0.17741287
Test,0,0.04728504
Test,0,0.0032349406
Test,0,0.0032865987
Test,0,0.0053154286
Test,0,0.61755
Test,0,0.34073886
Test,0,0.56657
Test,1,0.9908992
Test,0,0.018556388
Test,0,0.028067209
Test,0,0.027342044
Test,0,0.07143466
Test,0,0.040969368
Test,1,0.0042359116
Test,0,0.058322854
Test,0,0.037989523
Test,0,0.0015774154
Test,0,0.06284214
Test,0,0.0010310526
Test,0,0.46242818
Test,0,0.019820867
Test,1,0.58409554
Test,0,0.063640535
Test,1,0.21580416
Test,1,0.008704034
Test,0,0.09481995
Test,1,0.8194023
Test,0,0.23945898
Test,0,0.08155257
Test,0,0.001398605
Test,0,0.0016226016
Test,0,0.0015842047
Test,0,0.042194657
Test,0,0.022108665
Test,0,0.6170477
Test,0,0.40850016
Test,0,0.034200188
Test,0,0.34755093
Test,1,0.022981962
Test,0,0.00072250713
Test,0,0.018033976
Test,0,0.032727763
Test,0,0.0014052591
Test,0,0.03307893
Test,0,0.008585933
Test,0,0.032346327
Test,0,0.008303495
Test,0,0.16845539
Test,0,0.18695109
Test,1,0.2456897
Test,0,0.0055356002
Test,0,0.8893545
Test,1,0.94478744
Test,0,0.007269323
Test,0,0.97650576
Test,0,0.8419973
Test,0,0.01767421
Test,0,0.55220747
Test,0,0.1759609
Test,0,0.4101209
Test,0,0.24360055
Test,0,0.010404612
Test,1,0.48142824
Test,0,0.84332454
Test,0,0.033189673
Test,0,0.012072408
Test,0,0.10233077
Test,0,0.0017663998
Test,0,0.042486798
Test,0,0.001995666
Test,0,0.0472922
Test,0,0.22526014
Test,0,0.16758692
Test,0,0.03585774
Test,0,0.14009956
Test,0,0.11660585
Test,0,0.09289792
Test,1,0.99842864
Test,1,0.9768966
Test,0,0.049053095
Test,0,0.032513827
Test,0,0.4491874
Test,1,0.9982925
Test,0,0.0033692245
Test,0,0.15893845
Test,1,0.9999769
Test,0,0.0034266454
Test,0,0.00035487383
Test,0,0.02323392
Test,0,0.0053905444
Test,0,0.03691457
Test,0,0.3850849
Test,0,0.017204318
Test,0,0.0032305508
Test,1,0.4286866
Test,0,0.07714645
Test,0,0.0007264394
Test,0,0.6011348
Test,0,0.3153542
Test,0,0.01621138
Test,0,0.37366083
Test,0,0.08438566
Test,0,0.00353929
Test,0,0.22079128
Test,0,0.024914665
Test,0,0.07592699
Test,0,0.001362812
Test,0,0.196917
Test,0,0.2076465
Test,0,0.12471099
Test,0,0.06729217
Test,0,0.021961272
Test,1,0.5361137
Test,1,0.69414556
Test,0,0.019204687
Test,0,0.76658237
Test,0,0.001223845
Test,0,0.012278971
Test,1,0.056923743
Test,0,0.0017954585
Test,0,0.015536608
Test,0,0.032446075
Test,1,0.7593242
Test,0,0.071688496
Test,0,0.13211866
Test,0,0.010114066
Test,0,0.009865127
Test,0,0.023525866
Test,0,0.010880264
Test,1,0.43162528
Test,0,0.09352122
Test,0,0.5649571
Test,0,0.9703884
Test,0,0.0054174983
Test,1,0.19619873
Test,0,0.004548177
Test,0,0.26981193
Test,0,0.5882639
Test,0,0.99293536
Test,0,0.16069739
Test,0,0.07068153
Test,0,0.010281535
Test,0,0.0070286947
Test,0,0.054572064
Test,0,0.14585294
Test,1,0.011180935
Test,0,0.15001284
Test,1,0.00636767
Test,0,0.45730853
Test,0,0.5821818
Test,0,0.00790055
Test,0,0.21241611
Test,0,0.71126944
Test,0,0.8162846
Test,0,0.03989238
Test,0,0.027961954
Test,0,0.34952384
Test,0,0.02143156
Test,0,0.013389736
Test,1,0.9989052
Test,0,0.18273753
Test,0,0.008598479
Test,0,0.16622736
Test,0,0.0066028354
Test,0,0.01090404
Test,0,0.0061702523
Test,0,0.030090254
Test,0,0.002158948
Test,1,0.9968046
Test,0,0.0009156112
Test,1,0.599679
Test,0,0.05992723
Test,0,0.03354529
Test,0,0.46854514
Test,0,0.008058217
Test,0,0.0059144013
Test,0,0.025242941
Test,0,0.03675439
Test,0,0.06199156
Test,1,0.83299375
Test,0,0.0051099774
Test,0,0.027744183
Test,0,0.003956657
Test,1,0.99297404
Test,0,0.6440982
Test,0,0.07354661
Test,0,0.0022075705
Test,0,0.0031111608
Test,0,0.0728519
Test,0,0.08250692
Test,0,0.0070929653
Test,1,0.11080597
Test,0,0.00047246943
Test,0,0.05185067
Test,0,0.007902587
Test,0,0.4023603
Test,1,0.1760518
Test,1,0.3058624
Test,0,0.1419909
Test,0,0.02042888
Test,1,0.9294727
Test,1,0.9737499
Test,0,0.0022132294
Test,0,0.0023446209
Test,0,0.011081102
Test,1,0.20808542
Test,0,0.037981793
Test,0,0.41543347
Test,0,0.04682959
Test,0,0.0923914
Test,0,0.04087599
Test,0,0.0046153977
Test,0,0.024701212
Test,0,0.011407041
Test,1,0.88740927
Test,0,0.61025035
Test,0,0.04031273
Test,1,0.64501417
Test,1,0.40266913
Test,1,0.12138693
Test,0,0.018183324
Test,1,0.00054134225
Test,0,0.0077802166
Test,1,0.9863377
Test,0,0.0019531408
Test,0,0.024771651
Test,0,0.254313
Test,0,0.013866738
Test,0,0.91940236
Test,0,0.9820259
Test,1,0.7213781
Test,0,0.00998471
Test,0,0.011140914
Test,0,0.007874534
Test,0,0.7573762
Test,1,0.9917031
Test,0,0.0019787136
Test,1,0.0058407993
Test,1,0.45377702
Test,0,0.044748522
Test,1,0.1358423
Test,0,0.016035015
Test,0,0.024245756
Test,0,0.12732133
Test,0,0.0133205475
Test,0,0.16940233
Test,0,0.0051081087
Test,0,0.50393456
Test,0,0.13784568
Test,0,0.2653092
Test,0,0.03516985
Test,1,0.99981815
Test,0,0.043629937
Test,0,0.8520536
Test,0,0.0085305385
Test,1,0.9955201
Test,0,0.0013358587
Test,0,0.028305084
Test,0,0.31141
Test,0,0.8148034
Test,0,0.8056683
Test,1,0.99397767
Test,0,0.41003525
Test,0,0.044948813
Test,0,0.61838824
Test,0,0.09304346
Test,0,0.46821117
Test,0,0.00050126814
Test,1,0.98573434
Test,0,0.0138809215
Test,0,0.040674623
Test,0,0.12639499
Test,0,0.1706875
Test,0,0.016651573
Test,0,0.009962257
Test,0,0.18916912
Test,0,0.02786241
Test,0,0.3105568
Test,0,0.030618537
Test,0,0.117763355
Test,1,0.13262762
Test,1,0.07651828
Test,1,0.7738742
Test,0,0.0078650145
Test,0,0.6656095
Test,0,0.016434705
Test,0,0.009851093
Test,0,0.53522336
Test,0,0.039614033
Test,0,0.0045093666
Test,1,0.99745697
Test,0,0.0010233958
Test,0,0.050277043
Test,0,0.0041235904
Test,0,0.021929616
Test,0,0.777102
Test,1,0.9972144
Test,0,0.29404116
Test,0,0.015558446
Test,0,0.060413785
Test,0,0.08587675
Test,0,0.27684236
Test,0,0.12261488
Test,0,0.62496847
Test,0,0.028027149
Test,1,0.9981653
Test,0,0.0005426451
Test,0,0.00026949175
Test,1,0.959676
Test,0,0.6777807
Test,1,0.99330163
Test,0,0.010042849
Test,0,0.17715739
Test,0,0.75166565
Test,0,0.035648976
Test,0,0.010706125
Test,0,0.014932855
Test,1,0.01318416
Test,0,0.014504691
Test,0,0.09479071
Test,0,0.008423554
Test,0,0.04974249
Test,0,0.16437031
Test,0,0.015846016
Test,0,0.8778653
Test,0,0.08271918
Test,0,0.015692826
Test,0,0.37236184
Test,0,0.015857523
Test,0,0.010924259
Test,0,0.011355728
Test,0,0.08124434
Test,1,0.91348016
Test,1,0.4020611
Test,0,0.016397595
Test,1,0.9854575
Test,0,0.067624606
Test,1,0.72645444
Test,0,0.56149006
Test,0,0.001459337
Test,0,0.014989903
Test,0,0.0024627785
Test,0,0.21093582
Test,0,0.041837074
Test,0,0.00053625903
Test,0,0.002893605
Test,0,0.07987502
Test,0,0.13743383
Test,0,0.09084789
Test,1,0.86849976
Test,0,0.025556715
Test,1,0.94547117
Test,0,0.9893498
Test,0,0.0019494328
Test,0,0.020650454
Test,0,0.005256091
Test,0,0.0019198138
Test,0,0.7883814
Test,0,0.0028658079
Test,0,0.03707862
Test,0,0.034601633
Test,0,0.0128433285
Test,0,0.36919713
Test,0,0.0018610167
Test,0,0.0079885125
Test,1,0.7781615
Test,0,0.00014006373
Test,0,0.55691105
Test,0,0.15733592
Test,0,0.60906833
Test,0,0.023893518
Test,1,0.81234246
Test,0,0.2310296
Test,0,0.0043574492
Test,0,0.0037103768
Test,0,0.02539487
Test,0,0.6213418
Test,0,0.21106815
Test,0,0.8984743
Test,0,0.004363024
Test,0,0.3213629
Test,0,0.10789192
Test,1,0.33748004
Test,0,0.06281421
Test,0,0.00251173
Test,0,0.008540781
Test,0,0.37514478
Test,0,0.00049965293
Test,0,0.001328412
Test,0,0.0066752294
Test,1,0.013083813
Test,0,0.05130987
Test,0,0.17833549
Test,0,0.55321664
Test,0,0.022048447
Test,0,0.0109570185
Test,0,0.06639165
Test,0,0.042895745
Test,0,0.0022929464
Test,0,0.002534612
Test,0,0.027225113
Test,0,0.060037777
Test,1,0.8382571
Test,0,0.09049507
Test,0,0.58426815
Test,0,0.057649903
Test,0,0.03849483
Test,0,0.019086663
Test,0,0.07953188
Test,0,0.3013372
Test,0,0.032741897
Test,1,0.34540397
Test,1,0.9892189
Test,1,0.9336812
Test,0,0.030338297
Test,0,0.01898363
Test,0,0.61813754
Test,1,0.76389486
Test,0,0.1200009
Test,0,0.15669616
Test,1,0.6638848
Test,0,0.0025170469
Test,1,0.97108656
Test,0,0.054106787
Test,0,0.14680704
Test,1,0.45656398
Test,0,0.005786956
Test,0,0.02392211
Test,0,0.00677461
Test,0,0.20023525
Test,0,0.0392096
Test,0,0.0025573836
Test,1,0.79329294
Test,1,0.15557772
Test,1,0.068004265
Test,0,0.5611679
Test,0,0.0064921346
Test,1,0.5362907
Test,0,0.022328846
Test,0,0.0037550642
Test,0,0.016667603
Test,0,0.20605165
Test,0,0.33288133
Test,0,0.8311966
Test,0,0.5244949
Test,0,0.38691634
Test,0,0.0056922454
Test,0,0.14453888
Test,0,0.19995868
Test,0,0.94201523
Test,1,0.31733915
Test,0,0.010326714
Test,0,0.05323666
Test,1,0.30243653
Test,0,0.29549345
Test,0,0.008725585
Test,0,0.0017895552
Test,0,0.067166165
Test,1,0.9997353
Test,0,0.03402016
Test,1,0.2890536
Test,0,0.8886164
Test,0,0.012112624
Test,0,0.010540822
Test,0,0.214578
Test,1,0.018157735
Test,0,0.06971964
Test,0,0.0025824807
Test,1,0.008017298
Test,0,0.085336424
Test,0,0.019694844
Test,0,0.036731075
Test,0,0.033325054
Test,0,0.003885471
Test,0,0.009735038
Test,0,0.00022536369
Test,0,0.057642628
Test,0,0.22697246
Test,0,0.023393098
Test,0,0.94539577
Test,0,0.17530322
Test,0,0.005024057
Test,0,0.022267185
Test,0,0.16324796
Test,0,0.7205302
Test,0,0.6554652
Test,0,0.20701584
Test,0,0.023306334
Test,0,0.020186752
Test,0,0.041639693
Test,0,0.0046924804
Test,0,0.95951897
Test,0,0.07491941
Test,1,0.09480399
Test,0,0.21480358
Test,1,0.80272776
Test,0,0.10816411
Test,0,0.38057
Test,0,0.13906696
Test,0,0.009552296
Test,0,0.057838637
Test,0,0.3975199
Test,1,0.014498639
Test,0,0.1495987
Test,0,0.00082898745
Test,0,0.07719834
Test,0,0.002469399
Test,0,0.0038838068
Test,0,0.40575546
Test,0,0.060866363
Test,0,0.0124260085
Test,0,0.23210931
Test,0,0.010296695
Test,0,0.0034648045
Test,0,0.095388584
Test,1,0.07327333
Test,1,0.038128745
Test,1,0.98876745
Test,0,0.016093329
Test,0,0.0028761947
Test,0,0.03708119
Test,0,0.014304595
Test,0,0.045717157
Test,0,0.037504155
Test,0,0.020099532
Test,0,0.0404557
Test,0,0.01980619
Test,0,0.0038951908
Test,0,0.08997086
Test,0,0.0066296686
Test,1,0.051008396
Test,1,0.98913527
Test,0,0.15247312
Test,0,0.35073304
Test,0,0.121740796
Test,1,0.9571967
Test,0,0.059023682
Test,0,0.19846086
Test,0,0.010154692
Test,0,0.088624716
Test,0,0.005179698
Test,0,0.04928001
Test,0,0.24323599
Test,0,0.11231151
Test,0,0.39344385
Test,0,0.08336894
Test,0,0.014453456
Test,0,0.022403149
Test,0,0.045280203
Test,1,0.0025088536
Test,1,0.9831056
Test,0,0.29687005
Test,0,0.06944084
Test,0,0.9806912
Test,0,0.012128994
Test,1,0.41493228
Test,1,0.8715805
Test,0,0.9835458
Test,0,0.002388985
Test,0,0.0808965
Test,1,0.032177065
Test,0,0.049906034
Test,0,0.029611748
Test,0,0.24290203
Test,0,0.0039244113
Test,1,0.9963251
Test,0,0.07297895
Test,1,0.9892005
Test,0,0.027700325
Test,0,0.0060919933
Test,0,0.04514115
Test,1,0.25155225
Test,0,0.04095811
Test,0,0.031474456
Test,0,0.6616966
Test,0,0.87723696
Test,1,0.40414646
Test,0,0.026426649
Test,0,0.039100043
Test,0,0.20394522
Test,0,0.8730309
Test,0,0.03150512
Test,1,0.9902774
Test,1,0.9861268
Test,0,0.0085336855
Test,0,0.0058908365
Test,0,0.10883141
Test,1,0.99478084
Test,0,0.009542502
Test,0,0.03677267
Test,0,0.018653054
Test,0,0.73013943
Test,0,0.018842874
Test,0,0.011384152
Test,0,0.42745405
Test,0,0.88319916
Test,0,0.05970945
Test,0,0.024874682
Test,1,0.047544483
Test,0,0.13184872
Test,1,0.13020876
Test,0,0.0027434847
Test,1,0.9960381
Test,0,0.0013050708
Test,0,0.049813572
Test,0,0.14618786
Test,0,0.42325887
Test,0,0.03907128
Test,0,0.011697436
Test,0,0.00020825904
Test,1,0.06706993
Test,0,0.071277
Test,0,0.1928784
Test,1,0.99754155
Test,0,0.009331187
Test,0,0.0033501098
Test,1,0.6591271
Test,1,0.95055974
Test,0,0.049734663
Test,0,0.01948787
Test,1,0.31068844
Test,1,0.98674786
Test,1,0.0683903
Test,0,0.14507344
Test,0,0.09743763
Test,0,0.038347278
Test,1,0.48082706
Test,0,0.89397526
Test,0,0.4465766
Test,0,0.0028733257
Test,0,0.016996587
Test,0,0.013911161
Test,0,0.007843118
Test,0,0.12094645
Test,0,0.032105308
Test,0,0.007589691
Test,0,0.025201673
Test,0,0.043032933
Test,0,0.017246114
Test,0,0.42299098
Test,0,0.0065014972
Test,1,0.9371093
Test,0,0.05580352
Test,1,0.8120571
Test,1,0.9470024
Test,0,0.4985683
Test,1,0.036292974
Test,0,0.0034008666
Test,0,0.073921666
Test,0,0.07982141
Test,1,0.99124616
Test,0,0.047871754
Test,0,0.064922705
Test,1,0.14926192
Test,1,0.96877635
Test,0,0.08452898
Test,1,0.26770285
Test,0,0.057942312
Test,0,0.9318969
Test,1,0.29419023
Test,0,0.01590316
Test,0,0.15357451
Test,0,0.01820118
Test,0,0.008622095
Test,0,0.20693007
Test,0,0.031107875
Test,1,0.9530756
Test,0,0.049111202
Test,0,0.26066482
Test,0,0.0238235
Test,0,0.04751108
Test,1,0.98766756
Test,0,0.38437727
Test,0,0.15056577
Test,0,0.13932498
Test,0,0.035803825
Test,0,0.032435585
Test,0,0.059384465
Test,0,0.010415109
Test,0,0.27131584
Test,0,0.591902
Test,0,0.03538506
Test,0,0.029100765
Test,0,0.02845172
Test,0,0.009650181
Test,0,0.5343765
Test,1,0.4860805
Test,0,0.3671867
Test,1,0.67229277
Test,1,0.11513592
Test,0,0.012954591
Test,0,0.097918
Test,0,0.0042129005
Test,0,0.18316302
Test,0,0.01062992
Test,1,0.9800361
Test,0,0.019994872
Test,0,0.003909721
Test,0,0.0051509417
Test,0,0.037974276
Test,0,0.0033761198
Test,0,0.7331068
Test,0,0.0006075531
Test,1,0.8669059
Test,0,0.013684888
Test,0,0.0011684252
Test,0,0.024998555
Test,0,0.23437747
Test,0,0.087495044
Test,0,0.0029087146
Test,0,0.3334775
Test,0,0.29324028
Test,0,0.030712454
Test,1,0.36858764
Test,0,0.03595277
Test,1,0.5801462
Test,1,0.30209637
Test,0,0.7004784
Test,0,0.071932286
Test,0,0.021984078
Test,0,0.025787842
Test,0,0.10874743
Test,0,0.0007023926
Test,1,0.2615765
Test,0,0.004054463
Test,0,0.28668013
Test,0,0.09683935
Test,0,0.67191136
Test,1,0.99976057
Test,0,0.0031716395
Test,0,0.009334903
Test,0,0.0023659507
Test,0,0.0053327135
Test,1,0.7186675
Test,0,0.12564276
Test,0,0.17362791
Test,0,0.2537588
Test,1,0.98139465
Test,1,0.79926777
Test,0,0.25027096
Test,0,0.23563355
Test,0,0.0016216101
Test,0,0.21735264
Test,0,0.49530065
Test,0,0.09282853
Test,0,0.5005039
Test,0,0.26309764
Test,0,0.013208501
Test,0,0.0020663834
Test,0,0.04293855
Test,0,0.04244949
Test,0,0.25567767
Test,0,0.0003523123
Test,1,0.99735284
Test,0,0.003677408
Test,0,0.458102
Test,0,0.9873964
Test,0,0.039025344
Test,0,0.40203238
Test,0,0.09324805
Test,1,0.6794984
Test,0,0.010898123
Test,0,0.004236503
Test,0,0.003877348
Test,0,0.0018623741
Test,0,0.005547302
Test,0,0.6921751
Test,0,0.05655573
Test,1,0.9220936
Test,0,0.008312504
Test,0,0.0048766094
Test,0,0.12140776
Test,0,0.05446059
Test,0,0.0063994993
Test,1,0.84047294
Test,0,0.1050351
Test,1,0.19351748
Test,0,0.7993549
Test,0,0.007275093
Test,1,0.2897848
Test,0,0.07616416
Test,0,0.008305364
Test,1,0.444574
Test,0,0.00522231
Test,0,0.013072624
Test,0,0.08342245
Test,1,0.3593018
Test,0,0.013781223
Test,0,0.015908452
Test,1,0.9956819
Test,0,0.00088428485
Test,0,0.09307535
Test,0,0.067776285
Test,0,0.0050935824
Test,0,0.010312285
Test,0,0.0319714
Test,0,0.03240346
Test,1,0.30294415
Test,0,0.80781823
Test,1,0.588376
Test,0,0.0412754
Test,0,0.008126692
Test,0,0.57164586
Test,0,0.003731722
Test,1,0.47610962
Test,1,0.989002
Test,0,0.0011560466
Test,0,0.016873872
Test,0,0.0709681
Test,1,0.926722
Test,0,0.10161449
Test,0,0.02744565
Test,0,0.06744114
Test,0,0.0013019007
Test,0,0.6309473
Test,0,0.53438526
Test,1,0.95327765
Test,1,0.43228757
Test,0,0.022896783
Test,0,0.26547775
Test,0,0.061484206
Test,0,0.19227813
Test,0,0.0028241808
Test,0,0.15928032
Test,0,0.15459333
Test,1,0.8147127
Test,0,0.013990483
Test,0,0.2912011
Test,0,0.29138446
Test,0,0.022241754
Test,0,0.0040276814
Test,0,0.05849899
Test,1,0.07000124
Test,0,0.059732664
Test,0,0.0004441743
Test,0,0.100786366
Test,1,0.026958933
Test,1,0.98808515
Test,1,0.057555206
Test,0,0.12699239
Test,0,0.5881833
Test,1,0.048799887
Test,0,0.007628181
Test,0,0.99267757
Test,1,0.45443884
Test,0,0.19702557
Test,0,0.009540466
Test,1,0.08744459
Test,0,0.009733838
Test,0,0.59314805
Test,0,0.64249265
Test,0,0.082815595
Test,0,0.039249986
Test,0,0.015874276
Test,0,0.3939609
Test,0,0.0028843307
Test,0,0.0061489083
Test,0,0.022684285
Test,0,0.11071575
Test,1,0.57769734
Test,0,0.02149841
Test,0,0.0036951944
Test,1,0.5921946
Test,0,0.010996429
Test,0,0.26488176
Test,0,0.08116056
Test,1,0.06547851
Test,0,0.27809975
Test,1,0.99869174
Test,0,0.009871473
Test,1,0.022812057
Test,0,0.004887156
Test,1,0.43032
Test,0,0.06354924
Test,0,0.13344327
Test,0,0.021467857
Test,0,0.0062777717
Test,1,0.9999919
Test,1,0.99886936
Test,0,0.0034045598
Test,0,0.009352157
Test,0,0.004370392
Test,0,0.1350625
Test,0,0.34220308
Test,0,0.023586102
Test,1,0.9950269
Test,0,0.018320045
Test,0,0.0024586024
Test,0,0.0073788273
Test,0,0.5770231
Test,0,0.016566588
Test,1,0.6677566
Test,0,0.090354666
Test,1,0.3544518
Test,0,0.1254294
Test,0,0.17234237
Test,0,0.028321184
Test,0,0.00639282
Test,1,0.9429543
Test,0,0.8268415
Test,0,0.09164701
Test,0,0.007430451
Test,1,0.9987179
Test,0,0.19526757
Test,0,0.0028855116
Test,0,0.03894993
Test,0,0.02246735
Test,0,0.013991621
Test,0,0.20176393
Test,1,0.2226354
Test,0,0.020275652
Test,0,0.14677906
Test,1,0.030701103
Test,0,0.026627889
Test,0,0.0011934743
Test,0,0.87968314
Test,0,0.023596395
Test,0,0.14811753
Test,0,0.5331896
Test,1,0.05409922
Test,0,0.023156345
Test,0,0.0018940071
Test,0,0.00228732
Test,0,0.0069340463
Test,0,0.02542651
Test,1,0.8821735
Test,0,0.01158626
Test,0,0.07125651
Test,0,0.005572223
Test,0,0.005372469
Test,0,0.02066228
Test,0,0.006863459
Test,0,0.1437027
Test,1,0.8040888
Test,0,0.017722797
Test,1,0.9927886
Test,1,0.9463863
Test,0,0.06533626
Test,0,0.06295681
Test,0,0.0013374125
Test,0,0.012547307
Test,0,0.1220282
Test,0,0.008355063
Test,0,0.009397827
Test,0,0.6526454
Test,0,0.17413339
Test,0,0.030910073
Test,0,0.021876492
Test,0,0.023004951
Test,0,0.19623572
Test,0,0.01651832
Test,0,0.08518423
Test,0,0.00975568
Test,1,0.29213083
Test,0,0.15250963
Test,1,0.4534518
Test,0,0.16983615
Test,0,0.08481589
Test,0,0.98678327
Test,0,0.0010356831
Test,0,0.16617402
Test,0,0.10296263
Test,0,0.03249797
Test,0,0.0012148301
Test,0,0.012090933
Test,1,0.13102153
Test,0,0.009234862
Test,0,0.0547507
Test,1,0.16252197
Test,1,0.983487
Test,0,0.042461786
Test,0,0.113276586
Test,0,0.26508093
Test,0,0.13860488
Test,0,0.017259859
Test,0,0.5256728
Test,1,0.97056365
Test,1,0.25166798
Test,1,0.69672626
Test,0,0.0042917053
Test,0,0.07202781
Test,0,0.13248664
Test,0,0.8687249
Test,0,0.13996683
Test,1,0.96761894
Test,0,0.045839507
Test,1,0.17782381
Test,0,0.28673944
Test,0,0.41307914
Test,0,0.52501017
Test,0,0.001807555
Test,0,0.9150392
Test,1,0.98587114
Test,0,0.0062843314
Test,0,0.60210824
Test,0,0.019551845
Test,0,0.00041415478
Test,0,0.04346231
Test,0,0.038752828
Test,0,0.023037761
Test,0,0.14224434
Test,0,0.07322008
Test,0,0.0011065218
Test,0,0.01371005
Test,0,8.0913145e-05
Test,0,0.15013911
Test,0,0.021845337
Test,0,0.34761846
Test,0,0.025720002
Test,0,0.021915114
Test,0,0.05240847
Test,0,0.30144757
Test,0,0.10133448
Test,1,0.31102702
Test,0,0.359821
Test,0,0.694881
Test,0,0.0013711988
Test,0,0.51237404
Test,0,0.17650275
Test,0,0.0065910793
Test,0,0.0635299
Test,0,0.09177276
Test,1,0.4929795
Test,0,0.7338443
Test,0,0.015242959
Test,0,0.20320307
Test,0,0.03253199
Test,1,0.7758642
Test,0,0.05189809
Test,1,0.113280244
Test,0,0.010647888
Test,1,0.048888236
Test,0,0.35297284
Test,0,0.036034368
Test,0,0.01019778
Test,1,0.019862
Test,0,0.21118297
Test,0,0.019379681
Test,0,0.07158447
Test,1,0.11844162
Test,0,0.0018783433
Test,0,0.02061203
Test,0,0.00019169727
Test,1,0.017738916
Test,0,0.34497476
Test,0,0.020371556
Test,0,0.025327556
Test,1,0.53935957
Test,1,0.07753215
Test,0,0.079819255
Test,0,0.00957449
Test,0,0.011530856
Test,1,0.018769123
Test,0,0.8203747
Test,1,0.28783247
Test,1,0.19823608
Test,0,0.012745014
Test,0,0.30884582
Test,1,0.09274334
Test,0,0.004106283
Test,0,0.08693689
Test,0,0.5487859
Test,0,0.04514667
Test,1,0.9980578
Test,1,0.00940566
Test,1,0.45546487
Test,1,0.9960055
Test,0,0.009370344
Test,0,0.16072316
Test,0,0.65316516
Test,0,0.0022840188
Test,0,0.15388216
Test,0,0.0087862825
Test,1,0.95657414
Test,0,0.2614764
Test,0,0.013962425
Test,0,0.00416576
Test,1,0.28480422
Test,0,0.0029443717
Test,0,0.04671127
Test,1,0.011382198
Test,1,0.999765
Test,0,0.77976215
Test,0,0.005652399
Test,0,0.008765165
Test,1,0.9847415
Test,0,0.03831844
Test,0,0.018823365
Test,0,0.015699139
Test,0,0.0029561485
Test,1,0.56950265
Test,1,0.9973679
Test,0,0.27727512
Test,0,0.1955369
Test,0,0.3535576
Test,0,0.045027055
Test,0,0.21008024
Test,0,0.17329136
Test,1,0.8492906
Test,0,0.020914987
Test,0,0.06115357
Test,0,0.14016984
Test,0,0.67202914
Test,0,0.024034178
Test,0,0.33467185
Test,1,0.9459725
Test,0,0.013129715
Test,0,0.1984974
Test,1,0.003828368
Test,0,0.07012978
Test,0,0.037500806
Test,0,0.22841866
Test,1,0.8365541
Test,0,0.719534
Test,0,0.572776
Test,0,0.0019858358
Test,1,0.979529
Test,0,0.0009945172
Test,0,0.22848193
Test,0,0.20015286
Test,1,0.27272797
Test,0,0.13005114
Test,0,0.009864042
Test,0,0.04860607
Test,0,0.0051279287
Test,0,0.011897553
Test,1,0.1870874
Test,0,0.08878142
Test,0,0.002476882
Test,0,0.01101502
Test,0,0.42267808
Test,0,0.0073019653
Test,1,0.99284244
Test,0,0.0032615084
Test,0,0.02929194
Test,0,0.008040251
Test,0,0.14589547
Test,0,0.0033189827
Test,0,0.4818415
Test,0,0.00691289
Test,0,0.09808696
Test,0,0.0017222514
Test,1,0.35658365
Test,0,0.036898296
Test,0,0.00928378
Test,0,0.56466293
Test,0,0.041889615
Test,0,0.0028724966
Test,1,0.8666203
Test,0,0.12401543
Test,0,0.030444594
Test,0,0.11040483
Test,0,0.46748376
Test,0,0.07096746
Test,0,0.18013641
Test,0,0.39447945
Test,0,0.09858641
Test,1,0.012112579
Test,1,0.49172568
Test,0,0.0070178206
Test,1,0.9633337
Test,0,0.0036849403
Test,0,0.021974191
Test,0,0.17036186
Test,0,0.29419866
Test,0,0.0074512106
Test,1,0.17094645
Test,0,0.0052758832
Test,1,0.113673285
Test,0,0.014802288
Test,0,0.007510219
Test,0,0.03235016
Test,1,0.59463274
Test,0,0.036691554
Test,1,0.96009815
Test,0,0.06314028
Test,0,0.002277661
Test,0,0.025760062
Test,0,0.41335234
Test,1,0.9779593
Test,0,0.020623693
Test,0,0.09159984
Test,0,0.015885416
Test,0,0.0028057722
Test,0,0.0022875792
Test,0,0.00029984352
Test,0,0.009906923
Test,0,0.5378385
Test,0,0.25946113
Test,0,0.9054551
Test,1,0.3012866
Test,0,0.051686842
Test,0,0.21964785
Test,0,0.031414833
Test,0,0.03574988
Test,1,0.04022468
Test,0,0.008087371
Test,0,0.5383772
Test,0,0.024817448
Test,0,0.004848754
Test,0,0.34287667
Test,0,0.74943846
Test,0,0.5395634
Test,0,0.04794156
Test,0,0.19280475
Test,0,0.0035715578
Test,1,0.98063827
Test,0,0.0009793931
Test,0,0.19695911
Test,0,0.003514134
Test,1,0.9670543
Test,0,0.010376644
Test,0,0.056117103
Test,0,0.04054457
Test,0,0.013704378
Test,0,0.01443261
Test,0,0.00028402684
Test,0,0.008768318
Test,0,0.0023141913
Test,0,0.51353574
Test,1,0.89691514
Test,1,0.8388711
Test,0,0.07189793
Test,0,0.26614743
Test,1,0.52441734
Test,0,0.0026059786
Test,0,0.34784368
Test,0,0.0024986202
Test,0,0.008397839
Test,0,0.016224412
Test,0,0.115284264
Test,0,0.0022905357
Test,0,0.055231895
Test,0,0.012666661
Test,0,0.0044639637
Test,0,0.00981604
Test,0,0.039188858
Test,0,0.011079127
Test,0,0.12335907
Test,0,0.12653066
Test,0,0.051619172
Test,0,0.046459287
Test,1,0.36692375
Test,0,0.019213308
Test,0,0.843662
Test,0,0.0391256
Test,0,0.02311298
Test,1,0.1568182
Test,1,0.9995043
Test,0,0.010225889
Test,0,0.021238782
Test,0,0.6415276
Test,0,0.0018799326
Test,0,0.092893176
Test,1,0.8921091
Test,0,0.1832734
Test,0,0.14879891
Test,0,0.08775963
Test,1,0.9965251
Test,0,0.057287544
Test,0,0.012675543
Test,0,0.045880184
Test,0,0.25377506
Test,0,0.3487522
Test,0,0.11264847
Test,0,0.21116783
Test,0,0.006960759
Test,0,0.003081282
Test,0,0.08475589
Test,0,0.027080342
Test,0,0.08232543
Test,0,0.18386282
Test,1,0.97332835
Test,0,0.016682012
Test,0,0.11601733
Test,1,0.00077969447
Test,0,0.9336213
Test,0,0.11400651
Test,0,0.03588675
Test,0,0.01737941
Test,0,0.08372131
Test,1,0.18352707
Test,0,0.90737367
Test,0,0.0068834936
Test,0,0.00071506004
Test,0,0.079105705
Test,0,0.9045581
Test,0,0.08624012
Test,1,0.9398155
Test,0,0.23869276
Test,0,0.09730725
Test,0,0.020655101
Test,0,0.6923852
Test,0,0.19898501
Test,1,0.9779508
Test,0,0.058222186
Test,0,0.0011771421
Test,1,0.0016984531
Test,0,0.5998509
Test,0,0.0011551298
Test,1,0.79144835
Test,0,0.039885525
Test,0,0.1128061
Test,0,0.004207431
Test,0,0.025223454
Test,1,0.8325631
Test,1,0.037968274
Test,0,0.0033868465
Test,0,0.02481439
Test,0,0.35990563
Test,0,0.011594733
Test,1,0.9337131
Test,1,0.95218587
Test,0,0.02715823
Test,1,0.9553847
Test,0,0.017635101
Test,1,0.9837272
Test,0,0.007521572
Test,0,0.014725721
Test,0,0.36861527
Test,0,0.6277029
Test,0,0.0025976114
Test,0,0.15016766
Test,0,0.005729111
Test,1,0.81930095
Test,0,0.60933787
Test,0,0.34168172
Test,0,0.031288344
Test,1,0.98330575
Test,0,0.02462064
Test,0,0.34194955
Test,0,0.0428861
Test,0,0.8284946
Test,0,0.49185386
Test,0,0.32151112
Test,0,0.10571784
Test,1,0.3802456
Test,0,0.0077777575
Test,0,0.0050757607
Test,0,0.40196085
Test,1,0.08028778
Test,1,0.002797675
Test,0,0.0030750555
Test,0,0.00087678916
Test,1,0.83403945
Test,0,0.90303963
Test,0,0.6145714
Test,0,0.5223203
Test,1,0.9910615
Test,1,0.25647488
Test,0,0.8627676
Test,0,0.015351303
Test,1,0.9343226
Test,0,0.3477874
Test,0,0.18454008
Test,0,0.7225442
Test,0,0.00602433
Test,0,0.009830951
Test,0,0.04367825
Test,0,0.011724058
Test,1,0.9545135
Test,1,0.15207832
Test,0,0.0008144392
Test,1,0.8617867
Test,0,0.011341764
Test,0,0.005665047
Test,0,0.0019120222
Test,0,0.0032219358
Test,0,0.05218237
Test,0,0.02246197
Test,0,0.0019096651
Test,1,0.98379886
Test,1,0.9914198
Test,0,0.074281424
Test,0,0.030068051
Test,0,0.024826255
Test,0,0.065018915
Test,1,0.8471454
Test,0,0.08992294
Test,1,0.99051344
Test,0,0.7661463
Test,0,0.009577688
Test,0,0.010968387
Test,1,0.018762387
Test,1,0.9841553
Test,0,0.0058745267
Test,0,0.2650312
Test,0,0.015723268
Test,1,0.29724336
Test,0,0.0033961618
Test,0,0.4073244
Test,1,0.74717844
Test,0,0.16994147
Test,0,0.069229625
Test,0,0.065597646
Test,1,0.90700763
Test,0,0.53455734
Test,0,0.0026282808
Test,0,0.032501694
Test,0,0.021553785
Test,0,0.08676824
Test,0,0.9484333
Test,0,0.014726531
Test,0,0.5808238
Test,0,0.0347933
Test,0,0.11048608
Test,0,0.22008517
Test,0,0.14298767
Test,1,0.9506646
Test,0,0.10630809
Test,0,0.0020651154
Test,0,0.04804156
Test,0,0.0033810316
Test,0,0.32856315
Test,1,0.017892107
Test,1,0.92722744
Test,0,0.034777354
Test,0,0.0060081417
Test,0,0.030998245
Test,0,0.008802367
Test,0,0.63532615
Test,0,0.04019895
Test,1,0.0013533275
Test,0,0.7476499
Test,0,0.007971575
Test,0,0.033900212
Test,0,0.0687307
Test,0,0.14216822
Test,0,0.22067544
Test,0,0.014419797
Test,0,0.008595464
Test,0,0.07816177
Test,1,0.05893805
Test,0,0.07043181
Test,0,0.13451584
Test,0,0.74811906
Test,0,0.061094917
Test,0,0.009394063
Test,0,0.62212896
Test,1,0.004530051
Test,1,0.97859967
Test,1,0.2318718
Test,0,0.02262854
Test,0,0.26335883
Test,0,0.018397596
Test,0,0.020455265
Test,0,0.6282214
Test,0,0.2664782
Test,1,0.03719404
Test,1,0.8387714
Test,1,0.0071747345
Test,0,0.28628677
Test,0,0.014985595
Test,0,0.001016079
Test,0,0.011646169
Test,0,0.18522175
Test,0,0.01652135
Test,1,0.87091005
Test,0,0.004812764
Test,0,0.6627083
Test,0,0.0034392802
Test,1,0.4074768
Test,0,0.055717226
Test,0,0.0007057431
Test,0,0.012334694
Test,0,0.047830813
Test,0,0.018408526
Test,1,0.9940597
Test,0,0.913659
Test,1,0.8201722
Test,0,0.0036467216
Test,1,0.3926835
Test,0,0.00018254248
Test,1,0.99705505
Test,1,0.0938293
Test,0,0.6499077
Test,0,0.009160607
Test,0,0.0024442575
Test,0,0.010085777
Test,0,0.06906668
Test,0,0.023997871
Test,0,0.061524425
Test,0,0.033793997
Test,0,0.04925131
Test,0,0.15950578
Test,0,0.1286335
Test,0,0.0022112338
Test,0,0.20659886
Test,1,0.68570364
Test,0,0.20228331
Test,0,0.642668
Test,1,0.0149089545
Test,0,0.0064278254
Test,0,0.0017040733
Test,0,0.0075076954
Test,0,0.23524703
Test,0,0.9842664
Test,0,0.00037853507
Test,1,0.19175287
Test,0,0.108870015
Test,0,0.35501269
Test,0,0.026377067
Test,0,0.5060715
Test,1,0.47386047
Test,0,0.1681219
Test,0,0.07036925
Test,1,0.21872368
Test,0,0.015966821
Test,1,0.031364143
Test,0,0.81900615
Test,0,0.37825274
Test,0,0.0014265561
Test,0,0.009778624
Test,0,0.022410769
Test,1,0.9141299
Test,1,0.9766211
Test,0,0.19762266
Test,0,0.04563895
Test,0,0.8161585
Test,0,0.007388742
Test,0,0.10299257
Test,0,0.01936983
Test,1,0.9520298
Test,1,0.06745888
Test,0,0.035370663
Test,0,0.23321491
Test,0,0.010814862
Test,0,0.7887597
Test,0,0.002974443
Test,0,0.06622187
Test,0,0.0115927
Test,1,0.27468872
Test,0,0.6701181
Test,0,0.008695188
Test,1,0.7472027
Test,0,0.14099155
Test,0,0.38616827
Test,0,0.0034711258
Test,0,0.009508648
Test,1,0.9849695
Test,0,0.05829244
Test,1,0.17515218
Test,0,0.5423524
Test,0,0.14599213
Test,0,0.17640777
Test,0,0.009486474
Test,0,0.05064611
Test,0,0.0016221753
Test,0,0.007197903
Test,0,0.90846866
Test,0,0.0024017834
Test,1,0.74985397
Test,0,0.011381657
Test,0,0.010221112
Test,0,0.86137855
Test,0,0.031141983
Test,0,0.00047602673
Test,0,0.018483669
Test,0,0.24256393
Test,0,0.0006385908
Test,0,0.14205495
Test,0,0.5491629
Test,0,0.005147424
Test,0,0.27141154
Test,0,0.007742924
Test,0,0.026976144
Test,0,0.006353969
Test,0,0.10522382
Test,0,0.013800952
Test,0,0.0070466353
Test,0,0.30133235
Test,0,0.003809487
Test,0,0.01391629
Test,0,0.0023313377
Test,1,0.9987073
Test,0,0.008708947
Test,1,0.37033814
Test,0,0.19625774
Test,0,0.1819022
Test,0,0.047684774
Test,0,0.014892486
Test,0,0.008175895
Test,0,0.0528586
Test,0,0.66141194
Test,0,0.5950769
Test,0,0.07836387
Test,0,0.026985332
Test,1,0.09874352
Test,0,0.0021616893
Test,0,0.40382892
Test,0,0.049491715
Test,0,0.03609751
Test,1,0.23779908
Test,0,0.00090211263
Test,0,0.00141207
Test,0,0.72397596
Test,0,0.9058787
Test,1,0.05437693
Test,1,0.40914324
Test,0,0.036811482
Test,1,0.86448044
Test,0,0.0007860767
Test,0,0.0016269386
Test,0,0.01832607
Test,0,0.0043450464
Test,0,0.005282714
Test,0,0.00028938288
Test,0,0.66650134
Test,0,0.30138814
Test,0,0.4760205
Test,0,0.5412098
Test,0,0.0051241303
Test,0,0.05790395
Test,0,0.017912496
Test,0,0.041441552
Test,0,0.8101778
Test,0,0.1068473
Test,0,0.03643383
Test,0,0.065610774
Test,0,0.01721648
Test,0,0.0036916041
Test,1,0.11660323
Test,0,0.006640663
Test,0,0.00384738
Test,0,0.14287075
Test,0,0.15780449
Test,1,0.96126217
Test,1,0.48556358
Test,1,0.971102
Test,0,0.4434685
Test,0,0.025286585
Test,0,0.019996634
Test,0,0.657346
Test,1,0.99906486
Test,0,0.5860847
Test,1,0.9960122
Test,0,0.029143153
Test,0,0.0021132203
Test,0,0.14757694
Test,1,0.63997656
Test,0,0.33419576
Test,0,0.4601241
Test,0,0.0038383498
Test,1,0.9804689
Test,0,0.42048422
Test,0,0.02826471
Test,0,0.0056320033
Test,0,0.023196617
Test,0,0.0015304143
Test,0,0.02319392
Test,0,0.008644521
Test,1,0.6662038
Test,0,0.16315748
Test,0,0.063962996
Test,0,0.08953969
Test,1,0.02545819
Test,1,0.4154196
Test,0,0.0030463662
Test,0,0.07213062
Test,1,0.03661837
Test,0,0.024703411
Test,1,0.45989984
Test,0,0.011956654
Test,0,0.6412866
Test,0,0.011790214
Test,1,0.7693186
Test,1,0.91370136
Test,0,0.014122653
Test,0,0.0048320144
Test,0,0.056317966
Test,1,0.07192366
Test,0,0.15255812
Test,0,0.028538626
